ID,Datetime,A,B,C,D,E,F,G,H
0,2004-10-01,328544,,44255,,,,,
1,2004-10-02,311997,,39398,,,,,
2,2004-10-03,293450,,36689,,,,,
3,2004-10-04,343417,,46237,,,,,
4,2004-10-05,346553,,47283,,,,,
5,2004-10-06,346195,,47579,,,,,
6,2004-10-07,346786,,47414,,,,,
7,2004-10-08,344408,,47103,,,,,
8,2004-10-09,310429,,40350,,,,,
9,2004-10-10,294249,,37245,,,,,
10,2004-10-11,343194,,46196,,,,,
11,2004-10-12,350758,,47353,,,,,
12,2004-10-13,346906,,47293,,,,,
13,2004-10-14,347616,,47257,,,,,
14,2004-10-15,348881,,46682,,,,,
15,2004-10-16,326465,,41641,,,,,
16,2004-10-17,314364,,39551,,,,,
17,2004-10-18,370216,,49789,,,,,
18,2004-10-19,355375,,48451,,,,,
19,2004-10-20,348466,,47657,,,,,
20,2004-10-21,345066,,47125,,,,,
21,2004-10-22,343467,,46626,,,,,
22,2004-10-23,318119,,41092,,,,,
23,2004-10-24,298528,,37753,,,,,
24,2004-10-25,347439,,47251,,,,,
25,2004-10-26,351691,,47851,,,,,
26,2004-10-27,346772,,47819,,,,,
27,2004-10-28,343864,,47465,,,,,
28,2004-10-29,342247,,48361,,,,,
29,2004-10-30,310183,,41703,,,,,
30,2004-10-31,283428,,36460,,,,,
31,2004-11-01,343730,,47734,,,,,
32,2004-11-02,350023,,47623,,,,,
33,2004-11-03,351589,,48306,,,,,
34,2004-11-04,360449,,48755,,,,,
35,2004-11-05,358413,,47849,,,,,
36,2004-11-06,333626,,41671,,,,,
37,2004-11-07,310646,,38348,,,,,
38,2004-11-08,363449,,48594,,,,,
39,2004-11-09,390415,,50599,,,,,
40,2004-11-10,385039,,49655,,,,,
41,2004-11-11,375946,,49229,,,,,
42,2004-11-12,373488,,48881,,,,,
43,2004-11-13,347094,,43792,,,,,
44,2004-11-14,345870,,41608,,,,,
45,2004-11-15,386507,,49794,,,,,
46,2004-11-16,379207,,49338,,,,,
47,2004-11-17,369128,,48573,,,,,
48,2004-11-18,363325,,47647,,,,,
49,2004-11-19,353355,,46567,,,,,
50,2004-11-20,320367,,40590,,,,,
51,2004-11-21,311510,,39259,,,,,
52,2004-11-22,356843,,48464,,,,,
53,2004-11-23,357029,,48213,,,,,
54,2004-11-24,357410,,47861,,,,,
55,2004-11-25,318622,,40409,,,,,
56,2004-11-26,346471,,42644,,,,,
57,2004-11-27,338821,,40634,,,,,
58,2004-11-28,340210,,42285,,,,,
59,2004-11-29,396844,,52474,,,,,
60,2004-11-30,392491,,52356,,,,,
61,2004-12-01,387942,,52056,,,,,
62,2004-12-02,406903,,52959,,,,,
63,2004-12-03,398031,,52334,,,,,
64,2004-12-04,374692,,47329,,,,,
65,2004-12-05,348679,,42567,,,,,
66,2004-12-06,384356,,50347,,,,,
67,2004-12-07,370514,,49946,,,,,
68,2004-12-08,374612,,51070,,,,,
69,2004-12-09,395409,,52443,,,,,
70,2004-12-10,376503,,50418,,,,,
71,2004-12-11,370583,,47528,,,,,
72,2004-12-12,367592,,45985,,,,,
73,2004-12-13,423812,,56391,,,,,
74,2004-12-14,450103,,58614,,,,,
75,2004-12-15,449526,,58160,,,,,
76,2004-12-16,442765,,57629,,,,,
77,2004-12-17,415679,,54820,,,,,
78,2004-12-18,399082,,50168,,,,,
79,2004-12-19,412499,,51743,,,,,
80,2004-12-20,500753,,64151,,,,,
81,2004-12-21,447715,,57607,,,,,
82,2004-12-22,417517,,56777,,,,,
83,2004-12-23,393186,,52402,,,,,
84,2004-12-24,395302,,52731,,,,,
85,2004-12-25,392990,,52160,,,,,
86,2004-12-26,385755,,48180,,,,,
87,2004-12-27,440413,,54190,,,,,
88,2004-12-28,434784,,53264,,,,,
89,2004-12-29,390743,,47967,,,,,
90,2004-12-30,365830,,46092,,,,,
91,2004-12-31,338594,,41535,,,,,
92,2005-01-01,311897,,38596,,,31111,,
93,2005-01-02,322712,,39528,,,32958,,
94,2005-01-03,363937,,47581,,,37991,,
95,2005-01-04,374003,,50831,,,38658,,
96,2005-01-05,389445,,54399,,,41064,,
97,2005-01-06,374851,,51669,,,40175,,
98,2005-01-07,389679,,52895,,,40941,,
99,2005-01-08,363338,,47952,,,38050,,
100,2005-01-09,349828,,44505,,,36173,,
101,2005-01-10,390332,,52477,,,40275,,
102,2005-01-11,394250,,52439,,,41175,,
103,2005-01-12,368065,,49460,,,39243,,
104,2005-01-13,360620,,49768,,,38278,,
105,2005-01-14,400007,,54347,,,39740,,
106,2005-01-15,397533,,50874,,,38230,,
107,2005-01-16,400928,,51104,,,37588,,
108,2005-01-17,480699,,61745,,,42755,,
109,2005-01-18,499350,,63952,,,45286,,
110,2005-01-19,477819,,60207,,,44149,,
111,2005-01-20,448482,,57996,,,43407,,
112,2005-01-21,453776,,58634,,,43816,,
113,2005-01-22,439113,,54266,,,41492,,
114,2005-01-23,462987,,55478,,,41075,,
115,2005-01-24,495527,,61813,,,45720,,
116,2005-01-25,440343,,56441,,,43802,,
117,2005-01-26,423651,,55926,,,42304,,
118,2005-01-27,457276,,60732,,,44609,,
119,2005-01-28,467588,,60674,,,43779,,
120,2005-01-29,423902,,51031,,,40083,,
121,2005-01-30,386106,,46785,,,36745,,
122,2005-01-31,427070,,57349,,,41931,,
123,2005-02-01,426925,,56441,,,42059,,
124,2005-02-02,436545,,57246,,,41776,,
125,2005-02-03,411274,,56228,,,41660,,
126,2005-02-04,410829,,53047,,,39508,,
127,2005-02-05,372899,,45921,,,36586,,
128,2005-02-06,350214,,43386,,,35588,,
129,2005-02-07,384542,,51203,,,39001,,
130,2005-02-08,383904,,51740,,,39791,,
131,2005-02-09,384398,,53586,,,39788,,
132,2005-02-10,426095,,56721,,,42037,,
133,2005-02-11,441762,,57230,,,42341,,
134,2005-02-12,373987,,46570,,,37828,,
135,2005-02-13,362694,,44808,,,36337,,
136,2005-02-14,387979,,51151,,,40142,,
137,2005-02-15,375974,,50046,,,38587,,
138,2005-02-16,388959,,52203,,,39171,,
139,2005-02-17,420808,,56408,,,41576,,
140,2005-02-18,432196,,56143,,,43000,,
141,2005-02-19,396286,,50198,,,39087,,
142,2005-02-20,369545,,45774,,,37263,,
143,2005-02-21,382247,,51042,,,39022,,
144,2005-02-22,386806,,53396,,,39769,,
145,2005-02-23,391467,,54338,,,40915,,
146,2005-02-24,420623,,55495,,,42194,,
147,2005-02-25,415019,,55193,,,41328,,
148,2005-02-26,375256,,45312,,,37741,,
149,2005-02-27,366052,,45316,,,37605,,
150,2005-02-28,410460,,52421,,,41577,,
151,2005-03-01,442300,,57543,,,41994,,
152,2005-03-02,445522,,57687,,,43277,,
153,2005-03-03,434906,,55885,,,42984,,
154,2005-03-04,423921,,54494,,,41393,,
155,2005-03-05,370053,,45789,,,36832,,
156,2005-03-06,341937,,42568,,,35638,,
157,2005-03-07,371327,,49132,,,38550,,
158,2005-03-08,418298,,55461,,,42257,,
159,2005-03-09,429768,,56583,,,43938,,
160,2005-03-10,421636,,57165,,,42979,,
161,2005-03-11,408397,,54184,,,41347,,
162,2005-03-12,380530,,48416,,,38530,,
163,2005-03-13,359374,,45324,,,37374,,
164,2005-03-14,398975,,53054,,,41501,,
165,2005-03-15,397627,,52598,,,40655,,
166,2005-03-16,402127,,52083,,,40728,,
167,2005-03-17,394746,,50593,,,40041,,
168,2005-03-18,379773,,48710,,,38957,,
169,2005-03-19,351729,,43287,,,35357,,
170,2005-03-20,337025,,43256,,,35234,,
171,2005-03-21,381706,,51285,,,40175,,
172,2005-03-22,382930,,52038,,,40245,,
173,2005-03-23,380088,,53758,,,40097,,
174,2005-03-24,383810,,51464,,,40382,,
175,2005-03-25,355178,,45352,,,37789,,
176,2005-03-26,328211,,41224,,,35591,,
177,2005-03-27,315459,,39882,,,33060,,
178,2005-03-28,361071,,48947,,,37739,,
179,2005-03-29,358743,,48839,,,37521,,
180,2005-03-30,349440,,47051,,,36889,,
181,2005-03-31,340895,,45965,,,36109,,
182,2005-04-01,348358,,47151,,,34561,,
183,2005-04-02,350010,,45227,,,33368,,
184,2005-04-03,315021,,38902,,,33008,,
185,2005-04-04,352225,,47107,,,36899,,
186,2005-04-05,346789,,46403,,,35579,,
187,2005-04-06,337256,,46480,,,36053,,
188,2005-04-07,339447,,46633,,,35853,,
189,2005-04-08,335421,,45279,,,34604,,
190,2005-04-09,303655,,38415,,,31205,,
191,2005-04-10,288786,,36648,,,30205,,
192,2005-04-11,329595,,45738,,,35315,,
193,2005-04-12,335568,,46406,,,34979,,
194,2005-04-13,346691,,46808,,,35396,,
195,2005-04-14,347106,,46674,,,35077,,
196,2005-04-15,338782,,45330,,,34232,,
197,2005-04-16,309685,,38334,,,31364,,
198,2005-04-17,296710,,36727,,,30825,,
199,2005-04-18,338772,,46616,,,35829,,
200,2005-04-19,347358,,47691,,,36325,,
201,2005-04-20,345837,,47931,,,36575,,
202,2005-04-21,336195,,45885,,,35194,,
203,2005-04-22,339327,,45910,,,34605,,
204,2005-04-23,336324,,42367,,,32497,,
205,2005-04-24,352867,,43789,,,33593,,
206,2005-04-25,360068,,48002,,,37116,,
207,2005-04-26,351312,,47736,,,36523,,
208,2005-04-27,348692,,48307,,,36411,,
209,2005-04-28,351963,,47670,,,35574,,
210,2005-04-29,345491,,46231,,,36081,,
211,2005-04-30,314001,,40107,,,33074,,
212,2005-05-01,300874,,38876,,179684,32088,,
213,2005-05-02,354829,,47671,,206594,37024,,
214,2005-05-03,361948,,48758,,207960,38205,,
215,2005-05-04,356279,,47949,,207091,37812,,
216,2005-05-05,348558,,46807,,208861,37556,,
217,2005-05-06,338772,,45532,,216205,36159,,
218,2005-05-07,305282,,38540,,199251,32533,,
219,2005-05-08,288499,,36784,,186528,31768,,
220,2005-05-09,344112,,48536,,211164,37632,,
221,2005-05-10,354265,,50865,,214278,39085,,
222,2005-05-11,366216,,52867,,227102,41902,,
223,2005-05-12,347610,,46366,,233860,38673,,
224,2005-05-13,344416,,46932,,203577,36824,,
225,2005-05-14,311363,,39457,,207005,34837,,
226,2005-05-15,286320,,36164,,206761,31813,,
227,2005-05-16,332366,,45354,,214015,35673,,
228,2005-05-17,342444,,46550,,210384,36556,,
229,2005-05-18,342162,,46725,,214493,37131,,
230,2005-05-19,344802,,47002,,210419,36636,,
231,2005-05-20,333687,,45808,,207948,36560,,
232,2005-05-21,302452,,39239,,191593,33260,,
233,2005-05-22,287690,,36836,,192071,32383,,
234,2005-05-23,335285,,45998,,216705,36372,,
235,2005-05-24,336577,,45823,,207736,36174,,
236,2005-05-25,336957,,46378,,208394,37175,,
237,2005-05-26,344745,,47020,,214384,37645,,
238,2005-05-27,333854,,44679,,222348,36643,,
239,2005-05-28,290557,,36567,,202067,32563,,
240,2005-05-29,278378,,34932,,193685,30898,,
241,2005-05-30,286890,,36020,,201604,30280,,
242,2005-05-31,343505,,47155,,226701,36933,,
243,2005-06-01,346510,,49029,,221729,39556,,
244,2005-06-02,344445,,47954,,212091,38565,,
245,2005-06-03,346486,,48741,,215959,37729,,
246,2005-06-04,340616,,46060,,213382,35870,,
247,2005-06-05,356258,,48971,,246213,39290,,
248,2005-06-06,415076,,61554,,298448,46543,,
249,2005-06-07,420704,,62535,,296223,47991,,
250,2005-06-08,428397,,64151,,302808,50732,,
251,2005-06-09,434067,,65888,,305362,51653,,
252,2005-06-10,436952,,63721,,301995,52838,,
253,2005-06-11,384188,,50926,,289883,47014,,
254,2005-06-12,364683,,49041,,282771,45935,,
255,2005-06-13,421104,,59767,,321779,52763,,
256,2005-06-14,428099,,63188,,337363,53205,,
257,2005-06-15,388172,,54328,,330539,44568,,
258,2005-06-16,361964,,49361,,298157,40604,,
259,2005-06-17,349232,,48313,,263322,37515,,
260,2005-06-18,314140,,40599,,234152,34278,,
261,2005-06-19,307076,,39267,,242054,33666,,
262,2005-06-20,365023,,51322,,233209,39771,,
263,2005-06-21,383697,,54903,,245625,42257,,
264,2005-06-22,401150,,58931,,265498,45268,,
265,2005-06-23,402661,,57579,,268005,44270,,
266,2005-06-24,420651,,60416,,274727,47484,,
267,2005-06-25,403889,,56250,,269553,47068,,
268,2005-06-26,394028,,55085,,260404,50190,,
269,2005-06-27,448727,,67042,,302289,53959,,
270,2005-06-28,430341,,62154,,316369,52884,,
271,2005-06-29,434576,,64217,,287542,50913,,
272,2005-06-30,427328,,60356,,298528,50680,,
273,2005-07-01,404738,,55628,,317679,47414,,
274,2005-07-02,339327,,43227,,285492,40104,,
275,2005-07-03,332765,,44440,,256671,39138,,
276,2005-07-04,362180,,51066,,262830,44587,,
277,2005-07-05,389212,,54811,,285951,48530,,
278,2005-07-06,388065,,54543,,304535,46313,,
279,2005-07-07,374750,,54793,,286112,45181,,
280,2005-07-08,375850,,53648,,276897,46022,,
281,2005-07-09,357909,,49052,,272731,42560,,
282,2005-07-10,358837,,48931,,280244,41893,,
283,2005-07-11,415891,,58045,,306377,48873,,
284,2005-07-12,444915,,62234,,324418,51990,,
285,2005-07-13,424092,,56291,,313960,52727,,
286,2005-07-14,415286,,56577,,300016,50968,,
287,2005-07-15,426952,,60536,,301920,52933,,
288,2005-07-16,400153,,55040,,305643,49417,,
289,2005-07-17,387354,,53913,,303040,47690,,
290,2005-07-18,445250,,66544,,334617,52854,,
291,2005-07-19,447460,,66064,,341729,53265,,
292,2005-07-20,443041,,64875,,334725,52182,,
293,2005-07-21,457496,,68208,,332516,51962,,
294,2005-07-22,445456,,66026,,330089,51131,,
295,2005-07-23,404277,,57804,,308031,45272,,
296,2005-07-24,393616,,58861,,277417,41615,,
297,2005-07-25,469403,,74165,,321639,53602,,
298,2005-07-26,474872,,73873,,357050,52265,,
299,2005-07-27,429020,,59371,,370458,48995,,
300,2005-07-28,397594,,54620,,312577,45483,,
301,2005-07-29,396678,,55600,,280118,46199,,
302,2005-07-30,372003,,50395,,270171,43783,,
303,2005-07-31,372280,,51552,,259148,45831,,
304,2005-08-01,436974,,64970,,296189,51684,,
305,2005-08-02,457263,,67575,,315111,54155,,
306,2005-08-03,463564,,68522,,333712,55376,,
307,2005-08-04,461301,,69113,,338030,56773,,
308,2005-08-05,435623,,62970,,337832,51030,,
309,2005-08-06,383906,,51819,,311449,43411,,
310,2005-08-07,373055,,51388,,292910,44358,,
311,2005-08-08,422208,,64215,,306034,46553,,
312,2005-08-09,438006,,64841,,281760,49206,,
313,2005-08-10,447699,,65855,,301796,53368,,
314,2005-08-11,445092,,65183,,327398,54275,,
315,2005-08-12,459700,,66744,,342886,56793,,
316,2005-08-13,428651,,62795,,338551,54849,,
317,2005-08-14,385583,,52194,,335185,49899,,
318,2005-08-15,416698,,55412,,345254,47222,,
319,2005-08-16,412849,,54798,,316479,44596,,
320,2005-08-17,416776,,58158,,297368,45384,,
321,2005-08-18,417203,,61095,,290727,47232,,
322,2005-08-19,440174,,64965,,280938,51142,,
323,2005-08-20,418745,,60347,,305604,50337,,
324,2005-08-21,389952,,53547,,324421,46901,,
325,2005-08-22,395979,,56507,,314996,44187,,
326,2005-08-23,382012,,53067,,278936,41054,,
327,2005-08-24,382523,,52925,,281289,41670,,
328,2005-08-25,399709,,56016,,268929,42200,,
329,2005-08-26,393721,,57052,,252582,41669,,
330,2005-08-27,366925,,52872,,238572,38270,,
331,2005-08-28,362769,,49521,,272561,41603,,
332,2005-08-29,399219,,58374,,306823,41024,,
333,2005-08-30,401061,,56373,,318042,42662,,
334,2005-08-31,399871,,56464,,331092,43968,,
335,2005-09-01,395822,,57069,,292144,43970,,
336,2005-09-02,386720,,55230,,289067,44218,,
337,2005-09-03,332377,,43028,,260682,38346,,
338,2005-09-04,312416,,40878,,237896,35617,,
339,2005-09-05,317458,,42595,,242079,35395,,
340,2005-09-06,375495,,54090,,253485,41644,,
341,2005-09-07,383266,,55615,,253304,42009,,
342,2005-09-08,389250,,56273,,256106,42192,,
343,2005-09-09,392656,,57776,,259589,44437,,
344,2005-09-10,366139,,51878,,249166,39483,,
345,2005-09-11,348879,,47597,,237785,38828,,
346,2005-09-12,399674,,57368,,259629,44398,,
347,2005-09-13,408238,,59069,,273449,45359,,
348,2005-09-14,404751,,56604,,296018,46234,,
349,2005-09-15,402433,,57463,,306212,47994,,
350,2005-09-16,386946,,54927,,305761,49118,,
351,2005-09-17,335940,,43753,,287726,41296,,
352,2005-09-18,326917,,42192,,269778,38718,,
353,2005-09-19,376112,,51868,,282127,42326,,
354,2005-09-20,385641,,53642,,291230,43248,,
355,2005-09-21,380541,,53757,,272622,41902,,
356,2005-09-22,396209,,56777,,274101,42801,,
357,2005-09-23,386067,,54886,,293002,43857,,
358,2005-09-24,343673,,46840,,244487,37294,,
359,2005-09-25,340685,,47261,,236322,39083,,
360,2005-09-26,374467,,53781,,266718,42552,,
361,2005-09-27,360674,,50335,,254331,38721,,
362,2005-09-28,358896,,50405,,233944,38434,,
363,2005-09-29,347962,,48097,,237737,36922,,
364,2005-09-30,333638,,45889,,215868,36953,,
365,2005-10-01,309256,,40127,,205677,34131,,
366,2005-10-02,314965,,41909,,209763,34977,,
367,2005-10-03,375920,,54671,,231950,40646,,
368,2005-10-04,379934,,54309,,241147,40660,,
369,2005-10-05,377712,,54111,,252626,40693,,
370,2005-10-06,376695,,54070,,261357,42837,,
371,2005-10-07,351175,,46870,,258642,42105,,
372,2005-10-08,313422,,40304,,238221,33803,,
373,2005-10-09,297060,,38631,,201282,32892,,
374,2005-10-10,342009,,46722,,216013,36832,,
375,2005-10-11,346761,,47703,,220633,36704,,
376,2005-10-12,347238,,47994,,215108,37029,,
377,2005-10-13,347589,,48272,,209517,36973,,
378,2005-10-14,340694,,47214,,210872,37714,,
379,2005-10-15,305352,,40290,,198793,33837,,
380,2005-10-16,293034,,37762,,189932,32828,,
381,2005-10-17,340378,,46851,,208524,36200,,
382,2005-10-18,346173,,47596,,214648,36579,,
383,2005-10-19,346923,,47934,,218234,36632,,
384,2005-10-20,349982,,47437,,219194,36600,,
385,2005-10-21,347825,,47762,,212980,37368,,
386,2005-10-22,317641,,40912,,202648,34800,,
387,2005-10-23,310175,,39895,,194055,33461,,
388,2005-10-24,365040,,49895,,218379,37631,,
389,2005-10-25,385098,,50781,,232843,39145,,
390,2005-10-26,375814,,49808,,232650,38867,,
391,2005-10-27,380432,,49105,,234752,38525,,
392,2005-10-28,372445,,49372,,231957,38464,,
393,2005-10-29,349270,,43762,,226567,34887,,
394,2005-10-30,317912,,39629,,210101,33084,,
395,2005-10-31,361443,,48031,,225441,36929,,
396,2005-11-01,363353,,48648,,218901,37356,,
397,2005-11-02,360321,,49510,,214410,38410,,
398,2005-11-03,364267,,48831,,226123,38087,,
399,2005-11-04,350840,,47435,,216651,37225,,
400,2005-11-05,315664,,40881,,199090,33562,,
401,2005-11-06,299186,,38583,,195452,32241,,
402,2005-11-07,351704,,47445,,209839,35798,,
403,2005-11-08,359526,,47892,,214457,38062,,
404,2005-11-09,352072,,47901,,213431,38604,,
405,2005-11-10,364094,,49369,,214935,38343,,
406,2005-11-11,376206,,49533,,229406,38446,,
407,2005-11-12,339359,,42185,,221430,35515,,
408,2005-11-13,316789,,39170,,205588,33950,,
409,2005-11-14,354692,,47894,,210845,36509,,
410,2005-11-15,354985,,49086,,215030,37538,,
411,2005-11-16,371029,,51961,,217028,38647,,
412,2005-11-17,414618,,55615,,232061,41378,,
413,2005-11-18,423583,,56133,,263400,41527,,
414,2005-11-19,373603,,46460,,254759,37152,,
415,2005-11-20,336863,,43021,,226460,34897,,
416,2005-11-21,382119,,51667,,237054,38020,,
417,2005-11-22,403456,,53966,,245666,38915,,
418,2005-11-23,420407,,55880,,268499,40627,,
419,2005-11-24,349408,,45406,,232358,36356,,
420,2005-11-25,387293,,49173,,267126,39548,,
421,2005-11-26,368740,,45591,,261523,37184,,
422,2005-11-27,341479,,41732,,240126,34203,,
423,2005-11-28,364119,,48892,,225427,36445,,
424,2005-11-29,370635,,51605,,217635,38420,,
425,2005-11-30,409905,,55839,,219860,40753,,
426,2005-12-01,430796,,57161,,253230,41306,,
427,2005-12-02,436351,,58360,,267854,42886,,
428,2005-12-03,414389,,53268,,270987,40207,,
429,2005-12-04,379256,,49975,,235449,38722,,
430,2005-12-05,437855,,58539,,277942,41612,,
431,2005-12-06,453853,,61581,,290379,42645,,
432,2005-12-07,456877,,60544,,301494,43435,,
433,2005-12-08,467785,,62644,,304591,44737,,
434,2005-12-09,452759,,61853,,286825,44128,,
435,2005-12-10,425317,,54759,,284621,41076,,
436,2005-12-11,400208,,50610,,264028,40381,,
437,2005-12-12,441971,,58775,,278361,43950,,
438,2005-12-13,457519,,59992,,303328,45596,,
439,2005-12-14,466054,,60319,,331184,46002,,
440,2005-12-15,448645,,58470,,305616,45349,,
441,2005-12-16,436673,,57421,,263882,42623,,
442,2005-12-17,415524,,52684,,271329,39673,,
443,2005-12-18,398894,,51898,,265812,39153,,
444,2005-12-19,464775,,62719,,291514,44382,,
445,2005-12-20,488300,,64064,,309230,45655,,
446,2005-12-21,469584,,59774,,311269,45238,,
447,2005-12-22,457519,,58160,,306607,43878,,
448,2005-12-23,409696,,52290,,273172,40051,,
449,2005-12-24,351715,,43353,,240515,35802,,
450,2005-12-25,330187,,40679,,232576,34049,,
451,2005-12-26,369544,,45977,,237057,37346,,
452,2005-12-27,391897,,47886,,259531,40021,,
453,2005-12-28,377614,,45028,,258821,39064,,
454,2005-12-29,386272,,48396,,237175,39109,,
455,2005-12-30,380603,,47176,,247891,39716,,
456,2005-12-31,357718,,44930,,241043,37353,,
457,2006-01-01,348838,,41854,,234563,33923,,
458,2006-01-02,360979,,43052,,260879,36496,,
459,2006-01-03,388440,,50291,,255301,40022,,
460,2006-01-04,389390,,51736,,265493,40075,,
461,2006-01-05,408358,,54286,,251599,40394,,
462,2006-01-06,431726,,55817,,267247,41900,,
463,2006-01-07,407393,,49276,,282123,39705,,
464,2006-01-08,370067,,45136,,257914,35947,,
465,2006-01-09,387682,,51872,,239869,38826,,
466,2006-01-10,398395,,53246,,237584,39571,,
467,2006-01-11,388405,,52497,,240381,39384,,
468,2006-01-12,397572,,51307,,229219,39008,,
469,2006-01-13,386520,,49353,,228120,38399,,
470,2006-01-14,395799,,48680,,226486,37118,,
471,2006-01-15,384663,,45414,,271550,36747,,
472,2006-01-16,412237,,50549,,268979,38841,,
473,2006-01-17,400122,,51196,,261662,39896,,
474,2006-01-18,433470,,57098,,242127,41219,,
475,2006-01-19,415599,,53244,,262962,40995,,
476,2006-01-20,382507,,49198,,239122,39035,,
477,2006-01-21,355687,,44204,,221119,36282,,
478,2006-01-22,371655,,46621,,245232,35761,,
479,2006-01-23,402586,,52404,,263914,38940,,
480,2006-01-24,412101,,54932,,249240,41224,,
481,2006-01-25,430900,,55980,,265263,41912,,
482,2006-01-26,431851,,54584,,287312,42893,,
483,2006-01-27,423470,,52939,,284363,42225,,
484,2006-01-28,357557,,43489,,246312,37429,,
485,2006-01-29,335489,,41409,,224004,35563,,
486,2006-01-30,384415,,50369,,224638,37630,,
487,2006-01-31,415045,,54182,,240566,40312,,
488,2006-02-01,411584,,53311,,260797,40513,,
489,2006-02-02,398624,,52456,,251728,39426,,
490,2006-02-03,381134,,50650,,219121,39266,,
491,2006-02-04,377256,,48346,,217968,36520,,
492,2006-02-05,402668,,50081,,239754,36706,,
493,2006-02-06,436134,,56203,,270857,41165,,
494,2006-02-07,438578,,56847,,268055,42620,,
495,2006-02-08,436268,,56203,,282005,42377,,
496,2006-02-09,447289,,57172,,287397,42432,,
497,2006-02-10,433006,,54513,,285312,42018,,
498,2006-02-11,402222,,48451,,269175,38649,,
499,2006-02-12,398679,,47249,,275595,38239,,
500,2006-02-13,451697,,56756,,295302,41853,,
501,2006-02-14,429076,,53942,,276096,39104,,
502,2006-02-15,404210,,51258,,247465,37702,,
503,2006-02-16,383585,,49342,,232823,37345,,
504,2006-02-17,392269,,53152,,220127,38436,,
505,2006-02-18,425126,,53884,,257046,39510,,
506,2006-02-19,431750,,53014,,304580,39336,,
507,2006-02-20,443250,,56618,,288803,41208,,
508,2006-02-21,423670,,55234,,266191,40762,,
509,2006-02-22,414933,,54060,,273871,40011,,
510,2006-02-23,401053,,52703,,253513,39041,,
511,2006-02-24,407845,,52792,,256825,39580,,
512,2006-02-25,373407,,45333,,251928,36139,,
513,2006-02-26,386402,,47814,,267755,37214,,
514,2006-02-27,435404,,54549,,297439,42202,,
515,2006-02-28,402052,,53285,,262126,41547,,
516,2006-03-01,389386,,51838,,253669,40726,,
517,2006-03-02,384306,,51518,,240957,41170,,
518,2006-03-03,415885,,53763,,249508,41900,,
519,2006-03-04,394652,,48392,,256653,38847,,
520,2006-03-05,372974,,45361,,242027,36212,,
521,2006-03-06,412950,,53756,,259081,39938,,
522,2006-03-07,411752,,53828,,261672,40477,,
523,2006-03-08,407145,,53867,,261265,41028,,
524,2006-03-09,379094,,50066,,230356,38863,,
525,2006-03-10,361214,,49063,,212274,37500,,
526,2006-03-11,337331,,43738,,197146,35058,,
527,2006-03-12,311747,,39888,,196896,34079,,
528,2006-03-13,352736,,47199,,222149,38839,,
529,2006-03-14,381343,,52712,,212911,40627,,
530,2006-03-15,396602,,52190,,228991,41351,,
531,2006-03-16,388690,,52039,,235751,39966,,
532,2006-03-17,382352,,51382,,228866,38942,,
533,2006-03-18,368448,,45921,,234501,37379,,
534,2006-03-19,357005,,43814,,233923,36219,,
535,2006-03-20,410734,,53041,,247415,40215,,
536,2006-03-21,431024,,57459,,269025,42428,,
537,2006-03-22,424612,,56120,,266797,42133,,
538,2006-03-23,408957,,52896,,252442,40977,,
539,2006-03-24,395546,,50827,,242755,40377,,
540,2006-03-25,376411,,46369,,232794,37496,,
541,2006-03-26,360207,,43553,,234210,36622,,
542,2006-03-27,393959,,51020,,238249,38807,,
543,2006-03-28,384176,,50778,,233658,38482,,
544,2006-03-29,372636,,48942,,221472,37756,,
545,2006-03-30,368676,,48327,,223388,37780,,
546,2006-03-31,347885,,46182,,214822,37372,,
547,2006-04-01,313081,,40494,,197537,33531,,
548,2006-04-02,291915,,36868,,182493,30813,,
549,2006-04-03,349918,,48070,,209753,37341,,
550,2006-04-04,370394,,49960,,208853,38309,,
551,2006-04-05,364534,,48938,,222455,39825,,
552,2006-04-06,362727,,48073,,222268,38275,,
553,2006-04-07,347174,,46880,,211930,37386,,
554,2006-04-08,323846,,42210,,200438,33611,,
555,2006-04-09,321908,,40227,,211699,32937,,
556,2006-04-10,361106,,46892,,225667,36536,,
557,2006-04-11,355186,,47121,,216273,37042,,
558,2006-04-12,346275,,46935,,209403,37016,,
559,2006-04-13,345373,,46662,,215189,37011,,
560,2006-04-14,319779,,41862,,206635,34325,,
561,2006-04-15,306219,,37818,,209916,31765,,
562,2006-04-16,287606,,34942,,190350,29286,,
563,2006-04-17,331195,,43841,,206839,34864,,
564,2006-04-18,344811,,46678,,213902,36552,,
565,2006-04-19,339811,,46897,,214049,37076,,
566,2006-04-20,343921,,47295,,217649,37356,,
567,2006-04-21,340320,,46542,,212222,38126,,
568,2006-04-22,311190,,39760,,201702,34001,,
569,2006-04-23,295618,,36896,,199918,31376,,
570,2006-04-24,342238,,45358,,220282,35547,,
571,2006-04-25,352629,,46657,,219197,35576,,
572,2006-04-26,353492,,47697,,206601,37100,,
573,2006-04-27,349389,,46481,,209841,36977,,
574,2006-04-28,340485,,44795,,204894,36036,,
575,2006-04-29,308039,,38645,,194484,32609,,
576,2006-04-30,295875,,36883,,194671,31039,,
577,2006-05-01,342829,,45621,,215421,35243,,
578,2006-05-02,347072,,46408,,215565,35900,,
579,2006-05-03,348066,,46670,,214728,37064,,
580,2006-05-04,354599,,47286,,222810,37454,,
581,2006-05-05,341392,,44887,,226938,37185,,
582,2006-05-06,305821,,37840,,213204,32518,,
583,2006-05-07,297606,,36171,,191551,30728,,
584,2006-05-08,345867,,45527,,217408,34784,,
585,2006-05-09,349019,,46753,,213156,36742,,
586,2006-05-10,353403,,47733,,218251,37543,,
587,2006-05-11,350393,,46651,,220820,38015,,
588,2006-05-12,350871,,46434,,212851,36117,,
589,2006-05-13,313018,,39663,,200146,32806,,
590,2006-05-14,297550,,37273,,191884,31091,,
591,2006-05-15,351131,,46332,,214068,35603,,
592,2006-05-16,357330,,46651,,212177,36807,,
593,2006-05-17,350074,,46536,,215968,37017,,
594,2006-05-18,348420,,45969,,217629,36508,,
595,2006-05-19,347413,,44988,,209309,36340,,
596,2006-05-20,311573,,38800,,203905,32975,,
597,2006-05-21,299369,,36777,,202791,31515,,
598,2006-05-22,345677,,45358,,216474,36069,,
599,2006-05-23,350624,,46533,,211413,36888,,
600,2006-05-24,352672,,46846,,216161,37594,,
601,2006-05-25,364354,,50195,,228702,38293,,
602,2006-05-26,357443,,48489,,255385,38435,,
603,2006-05-27,330561,,42808,,239606,35081,,
604,2006-05-28,342581,,44908,,241686,35453,,
605,2006-05-29,370833,,49461,,256403,39625,,
606,2006-05-30,433241,,61260,,298147,51485,,
607,2006-05-31,434437,,63373,,310142,53474,,
608,2006-06-01,416367,,60129,,311284,49641,,
609,2006-06-02,378735,,50732,,298231,43405,,
610,2006-06-03,327711,,43041,,239507,35023,,
611,2006-06-04,306925,,38722,,225510,32103,,
612,2006-06-05,356233,,49545,,235050,36609,,
613,2006-06-06,374386,,52788,,238115,39757,,
614,2006-06-07,378423,,51473,,253579,41242,,
615,2006-06-08,380631,,52157,,255792,41932,,
616,2006-06-09,371758,,51527,,256914,41071,,
617,2006-06-10,318502,,40624,,223985,33641,,
618,2006-06-11,301023,,37401,,212658,31935,,
619,2006-06-12,351506,,46858,,226491,36755,,
620,2006-06-13,362194,,48757,,240810,39155,,
621,2006-06-14,369929,,50914,,235060,41046,,
622,2006-06-15,375245,,52689,,249483,40384,,
623,2006-06-16,391288,,55068,,254852,41114,,
624,2006-06-17,382807,,52083,,259005,41713,,
625,2006-06-18,378980,,50939,,278112,45296,,
626,2006-06-19,412413,,58217,,299039,47338,,
627,2006-06-20,403754,,56940,,299394,44431,,
628,2006-06-21,406022,,59533,,301915,43454,,
629,2006-06-22,434194,,63971,,320550,48122,,
630,2006-06-23,395050,,54793,,310060,42950,,
631,2006-06-24,359096,,48145,,277785,40904,,
632,2006-06-25,340436,,45491,,272857,37604,,
633,2006-06-26,385568,,55599,,281850,42516,,
634,2006-06-27,401253,,57944,,279593,42954,,
635,2006-06-28,399627,,57245,,301795,44705,,
636,2006-06-29,383832,,53209,,298474,41734,,
637,2006-06-30,375957,,52374,,277531,41093,,
638,2006-07-01,359994,,50313,,268665,39915,,
639,2006-07-02,375419,,53025,,291245,43488,,
640,2006-07-03,379592,,55004,,311132,46667,,
641,2006-07-04,356900,,48035,,305132,40278,,
642,2006-07-05,363894,,48132,,301711,43704,,
643,2006-07-06,350618,,46825,,261428,39287,,
644,2006-07-07,351687,,47214,,250156,39578,,
645,2006-07-08,338887,,44924,,239433,37981,,
646,2006-07-09,337546,,44914,,248323,38110,,
647,2006-07-10,411942,,58834,,294429,45310,,
648,2006-07-11,408620,,56774,,321254,49979,,
649,2006-07-12,421369,,57463,,329969,48868,,
650,2006-07-13,433707,,61116,,316427,49395,,
651,2006-07-14,437991,,64132,,304214,52279,,
652,2006-07-15,413870,,59319,,302594,49863,,
653,2006-07-16,411164,,58452,,309008,48241,,
654,2006-07-17,468884,,68377,,338957,56080,,
655,2006-07-18,462310,,64649,,353878,57462,,
656,2006-07-19,460132,,65647,,335986,55859,,
657,2006-07-20,457773,,65253,,331259,57025,,
658,2006-07-21,445669,,64393,,333849,53687,,
659,2006-07-22,373484,,49832,,312991,43875,,
660,2006-07-23,350127,,46205,,276687,38476,,
661,2006-07-24,413637,,58269,,297839,44560,,
662,2006-07-25,436772,,62466,,293727,49603,,
663,2006-07-26,440464,,63300,,314678,52264,,
664,2006-07-27,442513,,60941,,338192,53205,,
665,2006-07-28,436894,,62575,,337794,51942,,
666,2006-07-29,407419,,59272,,323564,47316,,
667,2006-07-30,416248,,59896,,324396,46510,,
668,2006-07-31,486331,,70728,,354668,53828,,
669,2006-08-01,505299,,74591,,368083,59925,,
670,2006-08-02,509608,,74219,,380666,62136,,
671,2006-08-03,481260,,69531,,387653,60606,,
672,2006-08-04,448970,,63334,,366047,52166,,
673,2006-08-05,399378,,54277,,315445,45340,,
674,2006-08-06,397276,,55389,,298152,45904,,
675,2006-08-07,460413,,66933,,338579,54472,,
676,2006-08-08,439063,,63267,,337754,51932,,
677,2006-08-09,421745,,58638,,305954,48447,,
678,2006-08-10,431655,,59635,,279889,48610,,
679,2006-08-11,403015,,56151,,275915,46218,,
680,2006-08-12,347447,,47314,,248977,40027,,
681,2006-08-13,346361,,47345,,247397,38078,,
682,2006-08-14,415432,,59368,,293873,46447,,
683,2006-08-15,420092,,59037,,316838,49964,,
684,2006-08-16,412868,,57949,,306753,47201,,
685,2006-08-17,422837,,59956,,293475,48018,,
686,2006-08-18,424308,,62853,,295938,49702,,
687,2006-08-19,398700,,57242,,297348,47050,,
688,2006-08-20,361817,,49432,,311607,43082,,
689,2006-08-21,400309,,54877,,305834,43101,,
690,2006-08-22,412243,,57201,,296023,46267,,
691,2006-08-23,413204,,58950,,305814,46149,,
692,2006-08-24,418171,,60849,,306950,45279,,
693,2006-08-25,426344,,60977,,315127,49137,,
694,2006-08-26,402090,,54074,,308652,48596,,
695,2006-08-27,387747,,52060,,300938,45621,,
696,2006-08-28,425296,,59409,,336318,47361,,
697,2006-08-29,426136,,59965,,346557,50022,,
698,2006-08-30,403215,,55636,,314319,45450,,
699,2006-08-31,383447,,53087,,264322,42534,,
700,2006-09-01,353033,,49423,,227330,39495,,
701,2006-09-02,308052,,39643,,208698,34326,,
702,2006-09-03,297139,,37394,,232101,32077,,
703,2006-09-04,305104,,38649,,239442,32777,,
704,2006-09-05,355172,,48994,,248779,39223,,
705,2006-09-06,368476,,51265,,245785,40790,,
706,2006-09-07,375565,,52181,,255500,40201,,
707,2006-09-08,377154,,52670,,259055,40786,,
708,2006-09-09,348024,,46710,,251339,37647,,
709,2006-09-10,327510,,44207,,249710,35745,,
710,2006-09-11,370418,,52331,,239715,39985,,
711,2006-09-12,373239,,52882,,225586,39995,,
712,2006-09-13,365435,,50734,,222365,40303,,
713,2006-09-14,361722,,50909,,233299,40295,,
714,2006-09-15,353522,,49434,,235928,39965,,
715,2006-09-16,321200,,43676,,221866,36125,,
716,2006-09-17,324762,,43483,,233798,35101,,
717,2006-09-18,375827,,51546,,262673,41040,,
718,2006-09-19,363511,,47676,,258910,40648,,
719,2006-09-20,345642,,46924,,230276,37915,,
720,2006-09-21,351718,,47339,,214980,37735,,
721,2006-09-22,346968,,46900,,212462,37844,,
722,2006-09-23,325361,,42441,,229765,36509,,
723,2006-09-24,309663,,39438,,256808,34732,,
724,2006-09-25,344466,,46874,,240066,36895,,
725,2006-09-26,349743,,48098,,226780,38369,,
726,2006-09-27,351331,,48928,,228233,38810,,
727,2006-09-28,348167,,47517,,232382,38414,,
728,2006-09-29,339129,,45906,,215855,37338,,
729,2006-09-30,313189,,40541,,201052,35007,,
730,2006-10-01,296689,,38242,,203070,33121,,
731,2006-10-02,349972,,47965,,221026,36978,,
732,2006-10-03,364654,,50874,,231373,39327,,
733,2006-10-04,376701,,53726,,248270,40844,,
734,2006-10-05,357761,,47979,,236396,38525,,
735,2006-10-06,347462,,46598,,219629,37709,,
736,2006-10-07,320175,,40432,,210150,34689,,
737,2006-10-08,306088,,38586,,200880,33571,,
738,2006-10-09,347907,,48184,,218700,37835,,
739,2006-10-10,347288,,48919,,227057,39754,,
740,2006-10-11,349283,,48453,,222813,39534,,
741,2006-10-12,358231,,48828,,222184,37978,,
742,2006-10-13,372606,,48937,,213056,38682,,
743,2006-10-14,340778,,42909,,211401,35497,,
744,2006-10-15,331250,,40712,,211649,33378,,
745,2006-10-16,368446,,47905,,221976,37593,,
746,2006-10-17,368010,,48990,,220318,38807,,
747,2006-10-18,353273,,47655,,223742,37531,,
748,2006-10-19,356445,,48149,,222057,38024,,
749,2006-10-20,357912,,48158,,222377,37812,,
750,2006-10-21,331785,,42161,,202774,35086,,
751,2006-10-22,328866,,41372,,210625,33608,,
752,2006-10-23,394802,,51734,,228710,38637,,
753,2006-10-24,406294,,52244,,247698,40371,,
754,2006-10-25,395207,,51717,,247264,39607,,
755,2006-10-26,399848,,52331,,246017,38948,,
756,2006-10-27,385141,,50585,,234944,38898,,
757,2006-10-28,344494,,44506,,209198,36587,,
758,2006-10-29,318789,,40154,,207189,33644,,
759,2006-10-30,367522,,49245,,228106,37307,,
760,2006-10-31,358632,,48489,,219427,37511,,
761,2006-11-01,363556,,51371,,217577,37947,,
762,2006-11-02,391943,,54286,,220882,39485,,
763,2006-11-03,411866,,54721,,249143,40876,,
764,2006-11-04,387457,,48424,,254579,37992,,
765,2006-11-05,349029,,43222,,244117,34113,,
766,2006-11-06,375759,,50154,,246326,37143,,
767,2006-11-07,379118,,50159,,241023,38121,,
768,2006-11-08,366042,,49848,,222339,37893,,
769,2006-11-09,363403,,49791,,216433,37849,,
770,2006-11-10,357430,,48108,,213870,37599,,
771,2006-11-11,332649,,44317,,203853,35484,,
772,2006-11-12,348696,,44589,,213063,34872,,
773,2006-11-13,392151,,51812,,235870,38462,,
774,2006-11-14,391061,,53349,,223422,38870,,
775,2006-11-15,394743,,53628,,223288,38882,,
776,2006-11-16,373653,,51105,,224808,39388,,
777,2006-11-17,386270,,51634,,220883,39923,,
778,2006-11-18,357707,,44999,,227684,37115,,
779,2006-11-19,354395,,44802,,234416,34570,,
780,2006-11-20,405447,,53701,,256982,39691,,
781,2006-11-21,411993,,54403,,268733,40102,,
782,2006-11-22,399186,,52913,,266542,39194,,
783,2006-11-23,330096,,41436,,238794,32944,,
784,2006-11-24,329850,,41868,,222924,34691,,
785,2006-11-25,332515,,41083,,228601,34720,,
786,2006-11-26,330286,,40511,,227423,34123,,
787,2006-11-27,375670,,49438,,242233,37100,,
788,2006-11-28,379322,,50658,,236856,39035,,
789,2006-11-29,368492,,50335,,230973,38986,,
790,2006-11-30,366833,,50058,,224609,38770,,
791,2006-12-01,374035,,52721,,223187,37406,,
792,2006-12-02,374771,,49952,,219613,36587,,
793,2006-12-03,384318,,49439,,241843,35853,,
794,2006-12-04,454176,,60842,,273774,43097,,
795,2006-12-05,447730,,59253,,290711,45259,,
796,2006-12-06,433734,,56972,,283637,44200,,
797,2006-12-07,446681,,60331,,255688,45067,,
798,2006-12-08,481777,,62086,,317866,45895,,
799,2006-12-09,435303,,52945,,309058,40812,,
800,2006-12-10,391103,,47617,,265686,37081,,
801,2006-12-11,409618,,52964,,261079,40011,,
802,2006-12-12,411115,,53082,,263316,40919,,
803,2006-12-13,387759,,51642,,244904,40249,,
804,2006-12-14,398592,,52090,,243181,40844,,
805,2006-12-15,387993,,51207,,238897,38728,,
806,2006-12-16,370736,,47486,,235430,35975,,
807,2006-12-17,346486,,42338,,237142,34325,,
808,2006-12-18,381579,,50103,,233544,39122,,
809,2006-12-19,399899,,54629,,242050,41864,,
810,2006-12-20,420747,,55408,,272070,42706,,
811,2006-12-21,402543,,52685,,264169,41640,,
812,2006-12-22,373006,,49512,,241651,39143,,
813,2006-12-23,345200,,45699,,213049,34783,,
814,2006-12-24,333010,,41825,,225331,33992,,
815,2006-12-25,329257,,42052,,234651,34205,,
816,2006-12-26,363633,,47182,,226183,37530,,
817,2006-12-27,393083,,49175,,247922,40166,,
818,2006-12-28,392068,,47955,,263132,40000,,
819,2006-12-29,373445,,45909,,251029,38811,,
820,2006-12-30,355686,,42778,,242410,34882,,
821,2006-12-31,331091,,40967,,234338,33316,,
822,2007-01-01,331745,,43082,,219326,33114,,
823,2007-01-02,391954,,51710,,246351,39489,,
824,2007-01-03,413659,,53232,,264576,40682,,
825,2007-01-04,400691,,52157,,240228,40424,,
826,2007-01-05,369396,,49197,,225418,38647,,
827,2007-01-06,337960,,43699,,207100,34806,,
828,2007-01-07,355484,,46066,,214858,34615,,
829,2007-01-08,400553,,53305,,236240,39263,,
830,2007-01-09,434046,,55658,,271630,42077,,
831,2007-01-10,447078,,56898,,288703,43247,,
832,2007-01-11,443252,,55683,,297092,41780,,
833,2007-01-12,402097,,51602,,261345,39854,,
834,2007-01-13,355846,,45298,,217968,36288,,
835,2007-01-14,342036,,44933,,202873,34094,,
836,2007-01-15,380212,,51523,,213708,37992,,
837,2007-01-16,424905,,57561,,236097,41781,,
838,2007-01-17,451827,,58900,,299887,43821,,
839,2007-01-18,448322,,57713,,311167,42831,,
840,2007-01-19,432955,,56286,,273951,41618,,
841,2007-01-20,414980,,50598,,279237,40028,,
842,2007-01-21,413967,,50642,,304785,39459,,
843,2007-01-22,432623,,56445,,300773,41834,,
844,2007-01-23,442256,,57402,,286018,42398,,
845,2007-01-24,445900,,57095,,296361,42559,,
846,2007-01-25,458752,,59162,,300655,43921,,
847,2007-01-26,461614,,57949,,325698,44981,,
848,2007-01-27,395563,,49882,,264429,39471,,
849,2007-01-28,411627,,52861,,248563,38925,,
850,2007-01-29,491154,,61968,,321264,44299,,
851,2007-01-30,474098,,62077,,310004,45285,,
852,2007-01-31,486086,,62549,,316081,46002,,
853,2007-02-01,464433,,59935,,317102,44648,,
854,2007-02-02,456898,,58733,,291101,43518,,
855,2007-02-03,462575,,58643,,284480,43221,,
856,2007-02-04,465614,,59697,,288553,43163,,
857,2007-02-05,526420,,68313,,344901,47755,,
858,2007-02-06,542682,,69487,,368364,48887,,
859,2007-02-07,496663,,65282,,325109,47004,,
860,2007-02-08,507734,,66727,,337218,47172,,
861,2007-02-09,503385,,64043,,332360,46185,,
862,2007-02-10,471756,,57909,,312879,43488,,
863,2007-02-11,458274,,55487,,310675,42374,,
864,2007-02-12,464060,,58388,,301142,43345,,
865,2007-02-13,462001,,58299,,298748,44651,,
866,2007-02-14,478497,,58425,,304652,44926,,
867,2007-02-15,509666,,64601,,338258,47235,,
868,2007-02-16,508402,,65022,,340234,47051,,
869,2007-02-17,473004,,55848,,315620,43289,,
870,2007-02-18,444164,,53284,,291718,40560,,
871,2007-02-19,472559,,59517,,323248,44144,,
872,2007-02-20,424050,,54827,,271750,42262,,
873,2007-02-21,408724,,54757,,243204,41323,,
874,2007-02-22,420545,,56651,,248211,43029,,
875,2007-02-23,432585,,56624,,278216,43826,,
876,2007-02-24,415991,,53597,,279406,40963,,
877,2007-02-25,380581,,48085,,276406,38349,,
878,2007-02-26,417175,,55498,,275666,41282,,
879,2007-02-27,420692,,56328,,262177,41222,,
880,2007-02-28,421941,,56452,,259753,40980,,
881,2007-03-01,415435,,54690,,259596,40715,,
882,2007-03-02,394906,,52580,,225458,39075,,
883,2007-03-03,385897,,49775,,223052,37718,,
884,2007-03-04,410802,,50115,,248380,39115,,
885,2007-03-05,441253,,56652,,275193,43128,,
886,2007-03-06,447155,,59335,,292435,44924,,
887,2007-03-07,429820,,57820,,297867,44370,,
888,2007-03-08,427299,,56777,,292701,44236,,
889,2007-03-09,401527,,52067,,276931,42134,,
890,2007-03-10,352738,,43121,,237077,37092,,
891,2007-03-11,328958,,40728,,202664,35050,,
892,2007-03-12,396505,,51284,,244426,39944,,
893,2007-03-13,373158,,49307,,230485,38340,,
894,2007-03-14,362535,,48160,,218700,36733,,
895,2007-03-15,386957,,52001,,219318,38517,,
896,2007-03-16,419459,,54824,,255978,40506,,
897,2007-03-17,410896,,49365,,276920,38197,,
898,2007-03-18,388755,,45832,,268949,37302,,
899,2007-03-19,427019,,53967,,273743,41184,,
900,2007-03-20,385249,,50241,,228280,39406,,
901,2007-03-21,384370,,50690,,247643,39633,,
902,2007-03-22,369878,,48319,,236774,38399,,
903,2007-03-23,365455,,47548,,219398,38508,,
904,2007-03-24,329815,,41095,,205050,34950,,
905,2007-03-25,315959,,38787,,200438,32636,,
906,2007-03-26,357566,,47494,,225546,36072,,
907,2007-03-27,364077,,48737,,223153,36893,,
908,2007-03-28,361328,,47857,,218548,36920,,
909,2007-03-29,363632,,47451,,214100,36171,,
910,2007-03-30,360955,,46225,,223750,36479,,
911,2007-03-31,324125,,39566,,204460,33269,,
912,2007-04-01,308898,,37312,,197168,32798,,
913,2007-04-02,347773,,45760,,220053,36505,,
914,2007-04-03,357179,,47191,,219660,37454,,
915,2007-04-04,365722,,50337,,214692,37612,,
916,2007-04-05,410268,,54501,,222518,40310,,
917,2007-04-06,391112,,48752,,237812,38067,,
918,2007-04-07,395722,,47950,,249116,37488,,
919,2007-04-08,375283,,44896,,246263,36084,,
920,2007-04-09,404718,,51160,,253888,39276,,
921,2007-04-10,399515,,50991,,246651,40294,,
922,2007-04-11,399202,,51862,,242840,39457,,
923,2007-04-12,393866,,52835,,223706,39010,,
924,2007-04-13,385188,,49884,,219795,39139,,
925,2007-04-14,363715,,45612,,217405,36401,,
926,2007-04-15,356020,,44844,,218240,35633,,
927,2007-04-16,395310,,50207,,249044,40359,,
928,2007-04-17,377550,,48630,,236799,38344,,
929,2007-04-18,367263,,47445,,231063,36952,,
930,2007-04-19,369964,,47877,,228266,36838,,
931,2007-04-20,360528,,46706,,222709,36424,,
932,2007-04-21,325013,,39733,,204251,33306,,
933,2007-04-22,309123,,37581,,202993,33997,,
934,2007-04-23,350606,,47040,,229720,39028,,
935,2007-04-24,352789,,46844,,239293,37936,,
936,2007-04-25,360382,,46423,,243046,38090,,
937,2007-04-26,357136,,47050,,218407,38201,,
938,2007-04-27,348063,,45669,,221848,36994,,
939,2007-04-28,317885,,39507,,204360,33183,,
940,2007-04-29,306636,,37238,,200856,32217,,
941,2007-04-30,360461,,48154,,232201,36929,,
942,2007-05-01,376672,,50611,,240690,38278,,
943,2007-05-02,366469,,48702,,252197,38329,,
944,2007-05-03,354870,,46499,,217296,37210,,
945,2007-05-04,354135,,46207,,213375,37555,,
946,2007-05-05,319547,,40425,,199359,33893,,
947,2007-05-06,304486,,36751,,197055,31812,,
948,2007-05-07,356444,,46316,,221135,36681,,
949,2007-05-08,367231,,48829,,222749,38198,,
950,2007-05-09,377711,,51074,,231621,40582,,
951,2007-05-10,390758,,52449,,251021,42179,,
952,2007-05-11,388322,,51666,,261741,42057,,
953,2007-05-12,344445,,43806,,237229,37645,,
954,2007-05-13,307038,,36717,,203580,32066,,
955,2007-05-14,358538,,47538,,217979,36892,,
956,2007-05-15,384303,,52394,,238396,40419,,
957,2007-05-16,363236,,47645,,249831,40654,,
958,2007-05-17,352155,,45853,,223778,37096,,
959,2007-05-18,350155,,45107,,213514,37140,,
960,2007-05-19,322976,,39165,,200907,33788,,
961,2007-05-20,313355,,38176,,206644,32829,,
962,2007-05-21,365131,,48623,,232734,36218,,
963,2007-05-22,388367,,53305,,231286,37831,,
964,2007-05-23,402844,,54769,,234890,42020,,
965,2007-05-24,410626,,55939,,242846,44859,,
966,2007-05-25,398156,,55235,,253382,45800,,
967,2007-05-26,349757,,45005,,260435,40183,,
968,2007-05-27,338073,,41992,,257943,38590,,
969,2007-05-28,343684,,41758,,266018,38439,,
970,2007-05-29,408886,,55078,,279199,43415,,
971,2007-05-30,430360,,60076,,275332,47527,,
972,2007-05-31,430176,,59037,,287151,48654,,
973,2007-06-01,425604,,60504,,292820,48672,,
974,2007-06-02,387378,,52950,,276247,46696,,
975,2007-06-03,347665,,46792,,238086,41450,,
976,2007-06-04,387107,,52792,,274822,42149,,
977,2007-06-05,371485,,49787,,277254,40472,,
978,2007-06-06,371300,,49932,,260594,37613,,
979,2007-06-07,420371,,58938,,280140,43627,,
980,2007-06-08,447639,,63384,,328827,48894,,
981,2007-06-09,364992,,45921,,297861,39644,,
982,2007-06-10,338685,,41683,,248108,36745,,
983,2007-06-11,395634,,53783,,273797,42124,,
984,2007-06-12,409944,,56040,,279794,44397,,
985,2007-06-13,424359,,60229,,267830,46166,,
986,2007-06-14,422397,,60786,,230877,41910,,
987,2007-06-15,406838,,56192,,223604,39961,,
988,2007-06-16,378260,,50883,,227348,37698,,
989,2007-06-17,385746,,51485,,263547,40859,,
990,2007-06-18,463796,,65119,,317005,51440,,
991,2007-06-19,449242,,61463,,336832,49227,,
992,2007-06-20,414050,,55820,,299310,44555,,
993,2007-06-21,416434,,58098,,276037,41789,,
994,2007-06-22,394329,,53016,,270271,40107,,
995,2007-06-23,349768,,42504,,244122,35491,,
996,2007-06-24,341699,,41729,,252662,36411,,
997,2007-06-25,431930,,58593,,298621,46487,,
998,2007-06-26,468067,,65902,,326298,52952,,
999,2007-06-27,469975,,64850,,339376,53889,,
1000,2007-06-28,440047,,60753,,339016,48066,,
1001,2007-06-29,401149,,53311,,306971,43080,,
1002,2007-06-30,357505,,43954,,281730,37230,,
1003,2007-07-01,340973,,41626,,256366,35003,,
1004,2007-07-02,365926,,45676,,253876,38363,,
1005,2007-07-03,380385,,48872,,252324,39849,,
1006,2007-07-04,354464,,44357,,263079,36448,,
1007,2007-07-05,397727,,53237,,291419,42390,,
1008,2007-07-06,407595,,54064,,307407,43884,,
1009,2007-07-07,391821,,50533,,295483,41885,,
1010,2007-07-08,404407,,53148,,306654,44323,,
1011,2007-07-09,473645,,65193,,346223,53323,,
1012,2007-07-10,463156,,61818,,340404,54570,,
1013,2007-07-11,430542,,58893,,321936,49613,,
1014,2007-07-12,403442,,52892,,300884,42341,,
1015,2007-07-13,384543,,52229,,279088,41736,,
1016,2007-07-14,368386,,47325,,274150,38525,,
1017,2007-07-15,375626,,48916,,299332,41868,,
1018,2007-07-16,421551,,57578,,322111,45903,,
1019,2007-07-17,429025,,58162,,319171,46339,,
1020,2007-07-18,440728,,59393,,329287,47981,,
1021,2007-07-19,434958,,59515,,323561,47106,,
1022,2007-07-20,394267,,52372,,292572,41251,,
1023,2007-07-21,347248,,43876,,254044,36918,,
1024,2007-07-22,337758,,42274,,248516,37100,,
1025,2007-07-23,387698,,52034,,274490,40730,,
1026,2007-07-24,388641,,53595,,278126,40269,,
1027,2007-07-25,390126,,53546,,286224,42594,,
1028,2007-07-26,405574,,53864,,307433,46134,,
1029,2007-07-27,418745,,57264,,312800,43960,,
1030,2007-07-28,386164,,50152,,296210,41641,,
1031,2007-07-29,388898,,50143,,286099,44548,,
1032,2007-07-30,445122,,61033,,296451,50823,,
1033,2007-07-31,456162,,62231,,314685,50045,,
1034,2007-08-01,470867,,65921,,317489,53824,,
1035,2007-08-02,477320,,67777,,329213,55646,,
1036,2007-08-03,474400,,67433,,327689,55434,,
1037,2007-08-04,428588,,57619,,327705,51267,,
1038,2007-08-05,389396,,54253,,316614,41966,,
1039,2007-08-06,473635,,69559,,336387,50883,,
1040,2007-08-07,499600,,72738,,363258,52660,,
1041,2007-08-08,512529,,75279,,385443,56791,,
1042,2007-08-09,505474,,72660,,372822,49506,,
1043,2007-08-10,482577,,66247,,342525,46427,,
1044,2007-08-11,426373,,56636,,295082,42907,,
1045,2007-08-12,411305,,55596,,281966,43516,,
1046,2007-08-13,454362,,64317,,316546,49502,,
1047,2007-08-14,417723,,55868,,300945,43891,,
1048,2007-08-15,441045,,62228,,306605,45755,,
1049,2007-08-16,467843,,66583,,336802,50705,,
1050,2007-08-17,442441,,62411,,326535,50040,,
1051,2007-08-18,362351,,45397,,274452,37362,,
1052,2007-08-19,358831,,46153,,259966,34673,,
1053,2007-08-20,432106,,60396,,281007,38976,,
1054,2007-08-21,434831,,60866,,292832,42997,,
1055,2007-08-22,463530,,68188,,271582,48640,,
1056,2007-08-23,492141,,72499,,277371,54261,,
1057,2007-08-24,488208,,70443,,316730,57072,,
1058,2007-08-25,432467,,56842,,337178,52521,,
1059,2007-08-26,387295,,50075,,301842,44797,,
1060,2007-08-27,434129,,59109,,308154,46877,,
1061,2007-08-28,459293,,63662,,307703,48343,,
1062,2007-08-29,478130,,68136,,300529,52074,,
1063,2007-08-30,445284,,60475,,296627,50489,,
1064,2007-08-31,404191,,52300,,301606,44776,,
1065,2007-09-01,354832,,43275,,263208,37858,,
1066,2007-09-02,351148,,43875,,242853,38211,,
1067,2007-09-03,373810,,47933,,265882,41886,,
1068,2007-09-04,434941,,60149,,298339,47925,,
1069,2007-09-05,453807,,64008,,303877,51169,,
1070,2007-09-06,459549,,63082,,317092,52868,,
1071,2007-09-07,455236,,63491,,315217,53973,,
1072,2007-09-08,415004,,54131,,293020,47292,,
1073,2007-09-09,383941,,50194,,289974,43699,,
1074,2007-09-10,421174,,58011,,325504,46217,,
1075,2007-09-11,402227,,53954,,311603,42272,,
1076,2007-09-12,378250,,49926,,280123,38877,,
1077,2007-09-13,381354,,50735,,265924,39109,,
1078,2007-09-14,377401,,50832,,262050,40079,,
1079,2007-09-15,326779,,39245,,231555,33753,,
1080,2007-09-16,311392,,37901,,203419,32349,,
1081,2007-09-17,361166,,47698,,219322,37348,,
1082,2007-09-18,377337,,51867,,224604,38326,,
1083,2007-09-19,393789,,55513,,234511,40696,,
1084,2007-09-20,404102,,57244,,235260,42770,,
1085,2007-09-21,405898,,57278,,254057,43893,,
1086,2007-09-22,376056,,50450,,272814,42161,,
1087,2007-09-23,357316,,46130,,267772,36727,,
1088,2007-09-24,419166,,59310,,255803,39771,,
1089,2007-09-25,443633,,63233,,268887,44748,,
1090,2007-09-26,423664,,55842,,287780,47908,,
1091,2007-09-27,393793,,52244,,289124,42771,,
1092,2007-09-28,368911,,48286,,264688,38324,,
1093,2007-09-29,325191,,41582,,217572,34276,,
1094,2007-09-30,318168,,40205,,212909,33404,,
1095,2007-10-01,368283,,48390,,233142,38173,,
1096,2007-10-02,380805,,51868,,247222,39435,,
1097,2007-10-03,386360,,51736,,268424,41282,,
1098,2007-10-04,401597,,54797,,279416,43709,,
1099,2007-10-05,416016,,57913,,267182,46195,,
1100,2007-10-06,390839,,53248,,253402,43317,,
1101,2007-10-07,381834,,51879,,265677,42373,,
1102,2007-10-08,430495,,60775,,290852,47982,,
1103,2007-10-09,397286,,54204,,299150,44691,,
1104,2007-10-10,362954,,47603,,274811,37270,,
1105,2007-10-11,359507,,47544,,225999,36603,,
1106,2007-10-12,355709,,46473,,214164,36134,,
1107,2007-10-13,326398,,40950,,199129,33185,,
1108,2007-10-14,313467,,38457,,200420,32386,,
1109,2007-10-15,360013,,47792,,219535,37267,,
1110,2007-10-16,364752,,48736,,222784,38619,,
1111,2007-10-17,364316,,49753,,233660,39479,,
1112,2007-10-18,376675,,50864,,243764,38890,,
1113,2007-10-19,364686,,48215,,261106,38924,,
1114,2007-10-20,321018,,40297,,219447,32814,,
1115,2007-10-21,316081,,39007,,205613,31860,,
1116,2007-10-22,363623,,48213,,233932,36468,,
1117,2007-10-23,371471,,48284,,248360,37668,,
1118,2007-10-24,369258,,49001,,250346,36437,,
1119,2007-10-25,368367,,48946,,228735,36807,,
1120,2007-10-26,357959,,47152,,228715,37180,,
1121,2007-10-27,326555,,40801,,213805,33731,,
1122,2007-10-28,317910,,39644,,199875,33573,,
1123,2007-10-29,381305,,49131,,230586,37568,,
1124,2007-10-30,385261,,49379,,237111,37465,,
1125,2007-10-31,380160,,48950,,229756,37258,,
1126,2007-11-01,369259,,47772,,221863,37352,,
1127,2007-11-02,379065,,48715,,223320,38232,,
1128,2007-11-03,356286,,43333,,213752,35353,,
1129,2007-11-04,333336,,39802,,209868,32669,,
1130,2007-11-05,385147,,49462,,235120,37726,,
1131,2007-11-06,395042,,52156,,232735,39523,,
1132,2007-11-07,406015,,51872,,250869,41046,,
1133,2007-11-08,411771,,52404,,262969,41285,,
1134,2007-11-09,392976,,49339,,253145,40454,,
1135,2007-11-10,368689,,44877,,237852,37750,,
1136,2007-11-11,369400,,43745,,240271,37548,,
1137,2007-11-12,378024,,47750,,237262,39928,,
1138,2007-11-13,376558,,47411,,226802,39711,,
1139,2007-11-14,374271,,47561,,222723,40761,,
1140,2007-11-15,405689,,51502,,231529,39813,,
1141,2007-11-16,417486,,51189,,257761,41143,,
1142,2007-11-17,382687,,44987,,248144,37462,,
1143,2007-11-18,361327,,43448,,232398,36445,,
1144,2007-11-19,393556,,51524,,248748,40288,,
1145,2007-11-20,371346,,49191,,240109,40232,,
1146,2007-11-21,366313,,47788,,227850,37889,,
1147,2007-11-22,323263,,39685,,201013,32731,,
1148,2007-11-23,364940,,43530,,229010,38922,,
1149,2007-11-24,386065,,45429,,258910,38400,,
1150,2007-11-25,371085,,45006,,243246,35700,,
1151,2007-11-26,400999,,51807,,240625,38888,,
1152,2007-11-27,410264,,52959,,228625,39556,,
1153,2007-11-28,431777,,54674,,257254,41568,,
1154,2007-11-29,425747,,54512,,260433,40432,,
1155,2007-11-30,434897,,55029,,259195,41719,,
1156,2007-12-01,411069,,51529,,263541,39493,,
1157,2007-12-02,383849,,45972,,254967,38506,,
1158,2007-12-03,443832,,57533,,253069,41813,,
1159,2007-12-04,466909,,57374,,290581,43385,,
1160,2007-12-05,470863,,59156,,306461,44312,,
1161,2007-12-06,478023,,60073,,310385,44680,,
1162,2007-12-07,460911,,57101,,302942,43489,,
1163,2007-12-08,401412,,49082,,249585,38346,,
1164,2007-12-09,383898,,48560,,236369,37726,,
1165,2007-12-10,409728,,55196,,238538,42025,,
1166,2007-12-11,402839,,53951,,239378,41517,,
1167,2007-12-12,402553,,53109,,235034,41281,,
1168,2007-12-13,422279,,56049,,248930,43866,,
1169,2007-12-14,426661,,56266,,249450,43040,,
1170,2007-12-15,425783,,53112,,271630,40515,,
1171,2007-12-16,422401,,51582,,264875,39783,,
1172,2007-12-17,487331,,61870,,300740,44448,,
1173,2007-12-18,478012,,59785,,309875,43788,,
1174,2007-12-19,445464,,56184,,292857,43237,,
1175,2007-12-20,450564,,57958,,292594,42196,,
1176,2007-12-21,427853,,54142,,281505,42453,,
1177,2007-12-22,383534,,44108,,250348,38056,,
1178,2007-12-23,372688,,45699,,231839,37190,,
1179,2007-12-24,391650,,49084,,239244,39228,,
1180,2007-12-25,359320,,43386,,237128,35263,,
1181,2007-12-26,392391,,47785,,277016,40434,,
1182,2007-12-27,401973,,48932,,258111,40720,,
1183,2007-12-28,408350,,48688,,260555,39882,,
1184,2007-12-29,375684,,46936,,225159,37179,,
1185,2007-12-30,386526,,46735,,244227,37234,,
1186,2007-12-31,387882,,45969,,250177,38601,,
1187,2008-01-01,398339,,49178,,248912,38399,,
1188,2008-01-02,498796,,63772,,317167,44158,,
1189,2008-01-03,506007,,63233,,341343,45721,,
1190,2008-01-04,485169,,59711,,329082,44923,,
1191,2008-01-05,422258,,49975,,285173,40538,,
1192,2008-01-06,364683,,43635,,240693,37257,,
1193,2008-01-07,380332,,47959,,233617,39223,,
1194,2008-01-08,382776,,48687,,225574,38085,,
1195,2008-01-09,384699,,50774,,222246,38888,,
1196,2008-01-10,423495,,53674,,249364,39916,,
1197,2008-01-11,407321,,52893,,236104,39949,,
1198,2008-01-12,385182,,47106,,234445,36502,,
1199,2008-01-13,389264,,47033,,256183,36506,,
1200,2008-01-14,454168,,57756,,276559,41486,,
1201,2008-01-15,473916,,60447,,306058,43379,,
1202,2008-01-16,474639,,59612,,306189,43583,,
1203,2008-01-17,456261,,56412,,303740,42521,,
1204,2008-01-18,443842,,56685,,279087,42012,,
1205,2008-01-19,442728,,54595,,279389,40936,,
1206,2008-01-20,482394,,57836,,313378,42775,,
1207,2008-01-21,508562,,61725,,353564,46174,,
1208,2008-01-22,481382,,60183,,320225,44940,,
1209,2008-01-23,475369,,61553,,280127,44956,,
1210,2008-01-24,500733,,62611,,308171,45395,,
1211,2008-01-25,512328,,63477,,328266,45704,,
1212,2008-01-26,443825,,53817,,300577,40867,,
1213,2008-01-27,412040,,48867,,278400,39045,,
1214,2008-01-28,451902,,56335,,291743,42365,,
1215,2008-01-29,426881,,54061,,277472,41277,,
1216,2008-01-30,464454,,61269,,253778,42555,,
1217,2008-01-31,485873,,61988,,294048,43959,,
1218,2008-02-01,451598,,57768,,280665,42845,,
1219,2008-02-02,411443,,50310,,258887,39874,,
1220,2008-02-03,392433,,48620,,246450,38957,,
1221,2008-02-04,413980,,53560,,243887,42329,,
1222,2008-02-05,393523,,50946,,232547,39844,,
1223,2008-02-06,393195,,53095,,220952,39419,,
1224,2008-02-07,430400,,57569,,224052,41334,,
1225,2008-02-08,424224,,54127,,250074,41919,,
1226,2008-02-09,388675,,47301,,238659,38807,,
1227,2008-02-10,422592,,53300,,238686,39959,,
1228,2008-02-11,499943,,65019,,313842,46654,,
1229,2008-02-12,481055,,62164,,314077,45478,,
1230,2008-02-13,470345,,60098,,284760,44018,,
1231,2008-02-14,473833,,59302,,292456,44117,,
1232,2008-02-15,437399,,55578,,265819,43176,,
1233,2008-02-16,395031,,49407,,244207,39940,,
1234,2008-02-17,371008,,44741,,247978,38302,,
1235,2008-02-18,421018,,55673,,225272,40232,,
1236,2008-02-19,473830,,62660,,259611,44082,,
1237,2008-02-20,474279,,61901,,287650,45842,,
1238,2008-02-21,488068,,64714,,310165,45557,,
1239,2008-02-22,453209,,59433,,302577,43494,,
1240,2008-02-23,412311,,50894,,270734,39220,,
1241,2008-02-24,413711,,50630,,267259,38410,,
1242,2008-02-25,441733,,56778,,267531,42244,,
1243,2008-02-26,445298,,57970,,261194,42877,,
1244,2008-02-27,482898,,60272,,274653,44628,,
1245,2008-02-28,484200,,59766,,315349,45815,,
1246,2008-02-29,463364,,56361,,294768,45238,,
1247,2008-03-01,397635,,48100,,238672,38626,,
1248,2008-03-02,376895,,44946,,246747,37011,,
1249,2008-03-03,387480,,49183,,245247,38301,,
1250,2008-03-04,407110,,55799,,223194,39542,,
1251,2008-03-05,430559,,56126,,220128,41487,,
1252,2008-03-06,425435,,55357,,240444,40735,,
1253,2008-03-07,435908,,57327,,248356,41229,,
1254,2008-03-08,431613,,53181,,224908,39984,,
1255,2008-03-09,399129,,47879,,247066,37218,,
1256,2008-03-10,427826,,52834,,264140,41854,,
1257,2008-03-11,419204,,53977,,242924,41192,,
1258,2008-03-12,411095,,52366,,239102,41372,,
1259,2008-03-13,397460,,50359,,238769,40102,,
1260,2008-03-14,385117,,49452,,219023,39297,,
1261,2008-03-15,365843,,46732,,201776,36736,,
1262,2008-03-16,364898,,44136,,215215,36855,,
1263,2008-03-17,421245,,53658,,252816,40510,,
1264,2008-03-18,408422,,52730,,246727,39544,,
1265,2008-03-19,394162,,52656,,225986,39675,,
1266,2008-03-20,404741,,52247,,221701,39726,,
1267,2008-03-21,387359,,46474,,233741,38379,,
1268,2008-03-22,363381,,45015,,216509,36323,,
1269,2008-03-23,363070,,43828,,222523,35605,,
1270,2008-03-24,419339,,51603,,247754,39896,,
1271,2008-03-25,427582,,54047,,253766,40379,,
1272,2008-03-26,385202,,49687,,231702,38484,,
1273,2008-03-27,388177,,50503,,219301,38821,,
1274,2008-03-28,386217,,51535,,217586,39291,,
1275,2008-03-29,370747,,46043,,218275,36449,,
1276,2008-03-30,364092,,44170,,241404,34166,,
1277,2008-03-31,386797,,48602,,242929,38047,,
1278,2008-04-01,371968,,48902,,221643,36518,,
1279,2008-04-02,378728,,50903,,214673,36740,,
1280,2008-04-03,398088,,51190,,242710,38577,,
1281,2008-04-04,382932,,48317,,230802,37800,,
1282,2008-04-05,344254,,41703,,202117,33603,,
1283,2008-04-06,330234,,39559,,216463,32849,,
1284,2008-04-07,366248,,46004,,244767,35989,,
1285,2008-04-08,368415,,46459,,242352,37016,,
1286,2008-04-09,361323,,46467,,228437,36906,,
1287,2008-04-10,368727,,47262,,221229,36689,,
1288,2008-04-11,357171,,45834,,222929,37332,,
1289,2008-04-12,331915,,42102,,212711,32996,,
1290,2008-04-13,345226,,43388,,199354,32728,,
1291,2008-04-14,398732,,50010,,229853,37393,,
1292,2008-04-15,393991,,49446,,234405,37190,,
1293,2008-04-16,383336,,47675,,234249,37502,,
1294,2008-04-17,370876,,46703,,227300,36844,,
1295,2008-04-18,357124,,44839,,225044,37079,,
1296,2008-04-19,321856,,38222,,210067,33603,,
1297,2008-04-20,316218,,37318,,203206,31864,,
1298,2008-04-21,358036,,45661,,218806,37050,,
1299,2008-04-22,360916,,46037,,219642,36650,,
1300,2008-04-23,360034,,46892,,221596,37427,,
1301,2008-04-24,362389,,46372,,227774,37461,,
1302,2008-04-25,362630,,47459,,229213,38363,,
1303,2008-04-26,326045,,38889,,227106,35432,,
1304,2008-04-27,307964,,36246,,202191,32574,,
1305,2008-04-28,355422,,44886,,217173,37104,,
1306,2008-04-29,376905,,47234,,214258,36821,,
1307,2008-04-30,373867,,46673,,218742,37485,,
1308,2008-05-01,359444,,45910,,220668,36982,,
1309,2008-05-02,356163,,45543,,226176,35710,,
1310,2008-05-03,322541,,38451,,222834,32411,,
1311,2008-05-04,307761,,36358,,217924,30898,,
1312,2008-05-05,354290,,45032,,223590,35364,,
1313,2008-05-06,360114,,46745,,228144,36146,,
1314,2008-05-07,365251,,47108,,236620,37909,,
1315,2008-05-08,365630,,46959,,233926,38617,,
1316,2008-05-09,355760,,45030,,230375,37642,,
1317,2008-05-10,321137,,38605,,199440,33853,,
1318,2008-05-11,312683,,37297,,199536,32160,,
1319,2008-05-12,364785,,46131,,227938,36155,,
1320,2008-05-13,364359,,46647,,222882,37674,,
1321,2008-05-14,359530,,46717,,220064,37624,,
1322,2008-05-15,360505,,46582,,229435,37732,,
1323,2008-05-16,356249,,45068,,230009,36741,,
1324,2008-05-17,325216,,38470,,205858,33689,,
1325,2008-05-18,307334,,36400,,203798,32562,,
1326,2008-05-19,355113,,45507,,215786,36261,,
1327,2008-05-20,359841,,46222,,219440,36483,,
1328,2008-05-21,358918,,46228,,217557,36515,,
1329,2008-05-22,362426,,45867,,218127,36902,,
1330,2008-05-23,350647,,43265,,215344,35936,,
1331,2008-05-24,311783,,36590,,203236,31646,,
1332,2008-05-25,303794,,34984,,200156,30676,,
1333,2008-05-26,320645,,38448,,222775,32081,,
1334,2008-05-27,373386,,47471,,263831,37802,,
1335,2008-05-28,358075,,46073,,232429,36366,,
1336,2008-05-29,365777,,47151,,224061,37200,,
1337,2008-05-30,376615,,49036,,245962,38369,,
1338,2008-05-31,364483,,45125,,263546,37958,,
1339,2008-06-01,340224,,42382,,262591,35244,,
1340,2008-06-02,383720,,51592,,254656,38065,,
1341,2008-06-03,380683,,51741,,254682,39354,,
1342,2008-06-04,400348,,52361,,283472,41198,,
1343,2008-06-05,441972,,59471,,307933,46970,,
1344,2008-06-06,466555,,63204,,306360,53439,,
1345,2008-06-07,418479,,50139,,329333,51235,,
1346,2008-06-08,423020,,53965,,341011,50996,,
1347,2008-06-09,479224,,65881,,363467,56947,,
1348,2008-06-10,443538,,57672,,364031,52657,,
1349,2008-06-11,428194,,57431,,325918,48414,,
1350,2008-06-12,448024,,61259,,311227,51049,,
1351,2008-06-13,451413,,60211,,310788,51922,,
1352,2008-06-14,386753,,49775,,296230,41902,,
1353,2008-06-15,370480,,47082,,278514,40668,,
1354,2008-06-16,407377,,54421,,290950,43583,,
1355,2008-06-17,381741,,48803,,272597,38722,,
1356,2008-06-18,370231,,48490,,254348,37382,,
1357,2008-06-19,378454,,49453,,252148,37346,,
1358,2008-06-20,387077,,51672,,260793,38898,,
1359,2008-06-21,365408,,45689,,261771,38133,,
1360,2008-06-22,344479,,41684,,268088,37466,,
1361,2008-06-23,387598,,49655,,290413,39770,,
1362,2008-06-24,398139,,51931,,279461,40364,,
1363,2008-06-25,408524,,54262,,295872,43709,,
1364,2008-06-26,439080,,61100,,323551,47395,,
1365,2008-06-27,433397,,57831,,327620,45722,,
1366,2008-06-28,395710,,49298,,318089,43130,,
1367,2008-06-29,357902,,43521,,313180,37709,,
1368,2008-06-30,367110,,44391,,304039,40297,,
1369,2008-07-01,370586,,46080,,277012,39833,,
1370,2008-07-02,386560,,49661,,281183,41959,,
1371,2008-07-03,381720,,48027,,294973,40995,,
1372,2008-07-04,330452,,38335,,285520,35566,,
1373,2008-07-05,339681,,41043,,263538,38560,,
1374,2008-07-06,363353,,46063,,261477,40816,,
1375,2008-07-07,434808,,59189,,298974,47215,,
1376,2008-07-08,441240,,61853,,308385,49821,,
1377,2008-07-09,427441,,58732,,287783,47453,,
1378,2008-07-10,414773,,56230,,297529,46177,,
1379,2008-07-11,430906,,60030,,300999,46140,,
1380,2008-07-12,415887,,53269,,298032,47795,,
1381,2008-07-13,382264,,48236,,296277,45225,,
1382,2008-07-14,411525,,55211,,293299,45999,,
1383,2008-07-15,420987,,58573,,297075,46209,,
1384,2008-07-16,444898,,63608,,300862,49143,,
1385,2008-07-17,462029,,65761,,313053,53143,,
1386,2008-07-18,455937,,64005,,320415,53924,,
1387,2008-07-19,422336,,57284,,318798,49588,,
1388,2008-07-20,420640,,56791,,326407,45897,,
1389,2008-07-21,465361,,64338,,345251,49687,,
1390,2008-07-22,454481,,61998,,343019,49207,,
1391,2008-07-23,418997,,56452,,311593,47291,,
1392,2008-07-24,411316,,55507,,287809,43845,,
1393,2008-07-25,413786,,55263,,287415,45428,,
1394,2008-07-26,408951,,54353,,286218,44278,,
1395,2008-07-27,389601,,49184,,293688,43639,,
1396,2008-07-28,423451,,58068,,299775,47854,,
1397,2008-07-29,457300,,63688,,324399,48986,,
1398,2008-07-30,464301,,63413,,342376,49942,,
1399,2008-07-31,459943,,64206,,326453,51476,,
1400,2008-08-01,457990,,64550,,328164,51002,,
1401,2008-08-02,413633,,54642,,309888,45587,,
1402,2008-08-03,383303,,49082,,291862,40586,,
1403,2008-08-04,433897,,59429,,314396,47402,,
1404,2008-08-05,441166,,60413,,314012,48824,,
1405,2008-08-06,451930,,63187,,330294,50764,,
1406,2008-08-07,431252,,58229,,315757,47561,,
1407,2008-08-08,398715,,51650,,291106,42323,,
1408,2008-08-09,359710,,44661,,262014,37467,,
1409,2008-08-10,343329,,41930,,256104,36417,,
1410,2008-08-11,381335,,50063,,263284,38329,,
1411,2008-08-12,394845,,52374,,267681,40414,,
1412,2008-08-13,399891,,53902,,268010,41820,,
1413,2008-08-14,404054,,52535,,280092,40468,,
1414,2008-08-15,395176,,51855,,274960,40659,,
1415,2008-08-16,361255,,44515,,262084,37199,,
1416,2008-08-17,356260,,43440,,260739,37417,,
1417,2008-08-18,415489,,54702,,298055,44596,,
1418,2008-08-19,429640,,58048,,311708,45339,,
1419,2008-08-20,420605,,57670,,290649,43731,,
1420,2008-08-21,434888,,60608,,282942,46607,,
1421,2008-08-22,441557,,63721,,277275,49355,,
1422,2008-08-23,407527,,55931,,268984,45369,,
1423,2008-08-24,398520,,53985,,278662,45397,,
1424,2008-08-25,420041,,55439,,308841,47600,,
1425,2008-08-26,403646,,52496,,276791,42206,,
1426,2008-08-27,395065,,53517,,253189,40564,,
1427,2008-08-28,391009,,54128,,261344,39833,,
1428,2008-08-29,412382,,58898,,278515,43390,,
1429,2008-08-30,381842,,49745,,283078,42977,,
1430,2008-08-31,365763,,45699,,268828,38686,,
1431,2008-09-01,373885,,47966,,259133,41006,,
1432,2008-09-02,438876,,64337,,276375,46344,,
1433,2008-09-03,452888,,66829,,295200,48999,,
1434,2008-09-04,446485,,62932,,313069,49280,,
1435,2008-09-05,420096,,54586,,295436,51051,,
1436,2008-09-06,369835,,45608,,267016,42314,,
1437,2008-09-07,346908,,41242,,260727,36235,,
1438,2008-09-08,398503,,51474,,289626,42619,,
1439,2008-09-09,386776,,50112,,290592,40813,,
1440,2008-09-10,373109,,47642,,258614,39078,,
1441,2008-09-11,385910,,50545,,255334,40759,,
1442,2008-09-12,403545,,53948,,270721,42744,,
1443,2008-09-13,400799,,51523,,298877,41024,,
1444,2008-09-14,382609,,40504,,311849,43958,,
1445,2008-09-15,357879,,35440,,311550,37437,,
1446,2008-09-16,356374,,42179,,252320,37099,,
1447,2008-09-17,367853,,45224,,236957,38431,,
1448,2008-09-18,374659,,46206,,242657,39005,,
1449,2008-09-19,368256,,45574,,230235,38336,,
1450,2008-09-20,343945,,41610,,208061,35731,,
1451,2008-09-21,336655,,40930,,213213,36497,,
1452,2008-09-22,381643,,50778,,238013,39483,,
1453,2008-09-23,382271,,50827,,233533,39397,,
1454,2008-09-24,377873,,50555,,219428,39853,,
1455,2008-09-25,376078,,49568,,219550,39123,,
1456,2008-09-26,361703,,47324,,230361,38253,,
1457,2008-09-27,333187,,41535,,236971,36890,,
1458,2008-09-28,325566,,39889,,235149,35599,,
1459,2008-09-29,368547,,48870,,245676,39848,,
1460,2008-09-30,362199,,47703,,233628,37663,,
1461,2008-10-01,348947,,45669,,224368,35609,,
1462,2008-10-02,355812,,45834,,212740,35733,,
1463,2008-10-03,353884,,45198,,213181,35465,,
1464,2008-10-04,321511,,39169,,204100,31838,,
1465,2008-10-05,314055,,37479,,209005,31112,,
1466,2008-10-06,356948,,46083,,223154,34963,,
1467,2008-10-07,359856,,47200,,216360,35573,,
1468,2008-10-08,361974,,47295,,218161,35760,,
1469,2008-10-09,359982,,46694,,232063,35969,,
1470,2008-10-10,353131,,45743,,231083,35317,,
1471,2008-10-11,326117,,40341,,206840,32341,,
1472,2008-10-12,315565,,39214,,204445,32125,,
1473,2008-10-13,360760,,47905,,223060,36094,,
1474,2008-10-14,367207,,50006,,230768,36720,,
1475,2008-10-15,369866,,50983,,239806,37035,,
1476,2008-10-16,357549,,47171,,244749,36633,,
1477,2008-10-17,347953,,44797,,217726,35068,,
1478,2008-10-18,324894,,39505,,203480,32109,,
1479,2008-10-19,329918,,38481,,208196,31602,,
1480,2008-10-20,385918,,47292,,233738,36367,,
1481,2008-10-21,374250,,47386,,228635,36709,,
1482,2008-10-22,386187,,49250,,230186,37148,,
1483,2008-10-23,389127,,49057,,238869,37440,,
1484,2008-10-24,375242,,47268,,230050,37069,,
1485,2008-10-25,338164,,40385,,208482,34809,,
1486,2008-10-26,329536,,39280,,204236,34011,,
1487,2008-10-27,391483,,50326,,234358,36955,,
1488,2008-10-28,417242,,52459,,249400,38230,,
1489,2008-10-29,411686,,51322,,251974,39594,,
1490,2008-10-30,407667,,51173,,255090,38968,,
1491,2008-10-31,383758,,47871,,246434,37970,,
1492,2008-11-01,339393,,39272,,216244,34024,,
1493,2008-11-02,311100,,36524,,202274,31633,,
1494,2008-11-03,360763,,46154,,220689,36400,,
1495,2008-11-04,365310,,46402,,224078,36933,,
1496,2008-11-05,364502,,46598,,222111,38044,,
1497,2008-11-06,361627,,46532,,221371,38288,,
1498,2008-11-07,356421,,45236,,216551,37713,,
1499,2008-11-08,339488,,42292,,202240,34736,,
1500,2008-11-09,354965,,43509,,209239,34438,,
1501,2008-11-10,402139,,51686,,241034,39880,,
1502,2008-11-11,416906,,53815,,254031,39199,,
1503,2008-11-12,392681,,50721,,243416,38765,,
1504,2008-11-13,378452,,48309,,242395,38541,,
1505,2008-11-14,362774,,45938,,227392,37829,,
1506,2008-11-15,349817,,43262,,209445,35226,,
1507,2008-11-16,376522,,45385,,221713,35551,,
1508,2008-11-17,429176,,54018,,263853,39904,,
1509,2008-11-18,449533,,56187,,286446,41227,,
1510,2008-11-19,461846,,57472,,297731,41866,,
1511,2008-11-20,434855,,55210,,272477,41852,,
1512,2008-11-21,451310,,55652,,285379,42715,,
1513,2008-11-22,440381,,51681,,297733,40717,,
1514,2008-11-23,410788,,48096,,281587,38311,,
1515,2008-11-24,435096,,54176,,284736,41478,,
1516,2008-11-25,433845,,55269,,258833,41587,,
1517,2008-11-26,422667,,51955,,274121,40831,,
1518,2008-11-27,368092,,43221,,257096,34872,,
1519,2008-11-28,361384,,43129,,242163,36319,,
1520,2008-11-29,375765,,44816,,244324,36476,,
1521,2008-11-30,382584,,45175,,245842,37094,,
1522,2008-12-01,432972,,55230,,254103,39660,,
1523,2008-12-02,459000,,58517,,282090,41630,,
1524,2008-12-03,452436,,56558,,292663,41147,,
1525,2008-12-04,437586,,56500,,268600,40791,,
1526,2008-12-05,464975,,59087,,272170,42747,,
1527,2008-12-06,463250,,54145,,292811,41272,,
1528,2008-12-07,440243,,51887,,290024,39701,,
1529,2008-12-08,468355,,58060,,321663,43312,,
1530,2008-12-09,432341,,53850,,279890,40209,,
1531,2008-12-10,412333,,54751,,236168,39371,,
1532,2008-12-11,437273,,57167,,245714,41907,,
1533,2008-12-12,449962,,56927,,259680,42322,,
1534,2008-12-13,436739,,51992,,282035,40221,,
1535,2008-12-14,392892,,46938,,267367,37580,,
1536,2008-12-15,405821,,53758,,239553,39377,,
1537,2008-12-16,451442,,60535,,257060,42223,,
1538,2008-12-17,434238,,58600,,268823,41805,,
1539,2008-12-18,430661,,57597,,258960,41599,,
1540,2008-12-19,405949,,53815,,255607,41254,,
1541,2008-12-20,391519,,50617,,247799,39036,,
1542,2008-12-21,415635,,54807,,266877,39474,,
1543,2008-12-22,510556,,64236,,338302,47219,,
1544,2008-12-23,473661,,58730,,334632,45300,,
1545,2008-12-24,374460,,47108,,261981,38543,,
1546,2008-12-25,355087,,45863,,212665,35913,,
1547,2008-12-26,384580,,47260,,261056,38219,,
1548,2008-12-27,327542,,38970,,226220,34220,,
1549,2008-12-28,323125,,40424,,201741,32543,,
1550,2008-12-29,384074,,47368,,229825,37779,,
1551,2008-12-30,385363,,46987,,246740,38425,,
1552,2008-12-31,403698,,49341,,267110,39549,,
1553,2009-01-01,405996,,47846,,301450,37876,,
1554,2009-01-02,390020,,46939,,296828,38141,,
1555,2009-01-03,384681,,46428,,262272,36579,,
1556,2009-01-04,359141,,44382,,262056,36314,,
1557,2009-01-05,401193,,52277,,247999,39111,,
1558,2009-01-06,427158,,55371,,279450,41509,,
1559,2009-01-07,430369,,55388,,272850,41811,,
1560,2009-01-08,458151,,59016,,279317,43705,,
1561,2009-01-09,448974,,55864,,296857,42944,,
1562,2009-01-10,408351,,49627,,267523,39486,,
1563,2009-01-11,400732,,49410,,247791,38492,,
1564,2009-01-12,446758,,55227,,288690,42759,,
1565,2009-01-13,460655,,58165,,303157,43339,,
1566,2009-01-14,487658,,62303,,311378,44909,,
1567,2009-01-15,510307,,65781,,326880,45620,,
1568,2009-01-16,548349,,67977,,381999,47783,,
1569,2009-01-17,509470,,59801,,380413,45212,,
1570,2009-01-18,426798,,51968,,308358,40096,,
1571,2009-01-19,468804,,59827,,311154,43754,,
1572,2009-01-20,507207,,62922,,340304,45326,,
1573,2009-01-21,510391,,62633,,347322,45521,,
1574,2009-01-22,468559,,56450,,324023,43475,,
1575,2009-01-23,424412,,51068,,280794,40630,,
1576,2009-01-24,411605,,50960,,255207,39439,,
1577,2009-01-25,446370,,54863,,309529,40490,,
1578,2009-01-26,468784,,59749,,312837,44120,,
1579,2009-01-27,470626,,60418,,315483,44087,,
1580,2009-01-28,442724,,56031,,296332,42905,,
1581,2009-01-29,451198,,58482,,289359,43031,,
1582,2009-01-30,457349,,55885,,303147,42415,,
1583,2009-01-31,445060,,54204,,299015,40253,,
1584,2009-02-01,384284,,45811,,259443,35862,,
1585,2009-02-02,427742,,51873,,252957,39858,,
1586,2009-02-03,463666,,57925,,291369,42592,,
1587,2009-02-04,505324,,61002,,324819,44229,,
1588,2009-02-05,508463,,61394,,357624,45631,,
1589,2009-02-06,455755,,53562,,327780,42197,,
1590,2009-02-07,374302,,43768,,261572,36281,,
1591,2009-02-08,341057,,41616,,216931,34023,,
1592,2009-02-09,401100,,50936,,246828,39092,,
1593,2009-02-10,383030,,48506,,242525,39103,,
1594,2009-02-11,363273,,47368,,221955,37651,,
1595,2009-02-12,376359,,49953,,218101,38075,,
1596,2009-02-13,385393,,48240,,235064,39320,,
1597,2009-02-14,369171,,45970,,244864,36901,,
1598,2009-02-15,365626,,45673,,248291,35853,,
1599,2009-02-16,421807,,52947,,281617,40429,,
1600,2009-02-17,431737,,54330,,292765,41386,,
1601,2009-02-18,403748,,51521,,286292,39419,,
1602,2009-02-19,435073,,56477,,253675,40571,,
1603,2009-02-20,449283,,54538,,300599,42382,,
1604,2009-02-21,410806,,50401,,276247,38143,,
1605,2009-02-22,410248,,50641,,263443,36875,,
1606,2009-02-23,462982,,56372,,309062,42259,,
1607,2009-02-24,452856,,55783,,313635,42557,,
1608,2009-02-25,410982,,51499,,294966,40646,,
1609,2009-02-26,375461,,48058,,255344,38038,,
1610,2009-02-27,363155,,46654,,226354,37094,,
1611,2009-02-28,381728,,48696,,238424,36114,,
1612,2009-03-01,400210,,49901,,285442,35591,,
1613,2009-03-02,467418,,58521,,324866,42280,,
1614,2009-03-03,472931,,58124,,351816,43525,,
1615,2009-03-04,438653,,53788,,327843,42189,,
1616,2009-03-05,398350,,49416,,288068,39873,,
1617,2009-03-06,348570,,42186,,239638,36558,,
1618,2009-03-07,309268,,37105,,203265,32538,,
1619,2009-03-08,291398,,34820,,186697,30131,,
1620,2009-03-09,347895,,44350,,208704,35542,,
1621,2009-03-10,359115,,45906,,225050,37554,,
1622,2009-03-11,358422,,46242,,225641,36697,,
1623,2009-03-12,403963,,51111,,232858,38739,,
1624,2009-03-13,398824,,47910,,268618,38031,,
1625,2009-03-14,365059,,42099,,246200,34145,,
1626,2009-03-15,333581,,38684,,243529,31716,,
1627,2009-03-16,358785,,44055,,249550,35579,,
1628,2009-03-17,354410,,44508,,248269,36358,,
1629,2009-03-18,344938,,43554,,238056,36481,,
1630,2009-03-19,347953,,44043,,224807,36163,,
1631,2009-03-20,367456,,45741,,235826,37978,,
1632,2009-03-21,343958,,40753,,241684,34818,,
1633,2009-03-22,321431,,38121,,229793,32542,,
1634,2009-03-23,353198,,44637,,236848,36614,,
1635,2009-03-24,356697,,45385,,257159,37401,,
1636,2009-03-25,355735,,44541,,264441,37715,,
1637,2009-03-26,352441,,44620,,242941,36892,,
1638,2009-03-27,342557,,42806,,221552,36681,,
1639,2009-03-28,307764,,38221,,206532,32753,,
1640,2009-03-29,314406,,39752,,195483,31547,,
1641,2009-03-30,361073,,46231,,213702,36680,,
1642,2009-03-31,360643,,45864,,224309,36546,,
1643,2009-04-01,338413,,44141,,221836,35545,,
1644,2009-04-02,343312,,44356,,217366,35227,,
1645,2009-04-03,339453,,43301,,209351,35217,,
1646,2009-04-04,318318,,39051,,193397,32747,,
1647,2009-04-05,307424,,37293,,192270,30621,,
1648,2009-04-06,359452,,47679,,204917,35215,,
1649,2009-04-07,403756,,51453,,230090,39230,,
1650,2009-04-08,379941,,47867,,239115,37972,,
1651,2009-04-09,352583,,44842,,223460,36238,,
1652,2009-04-10,318529,,40030,,208851,33931,,
1653,2009-04-11,301422,,37974,,197016,31897,,
1654,2009-04-12,298132,,36832,,202790,30297,,
1655,2009-04-13,349269,,46845,,227479,35781,,
1656,2009-04-14,355230,,46019,,224851,36183,,
1657,2009-04-15,359814,,47854,,231146,36641,,
1658,2009-04-16,343303,,44894,,231166,36281,,
1659,2009-04-17,328953,,42434,,221206,35048,,
1660,2009-04-18,291933,,36099,,196655,31358,,
1661,2009-04-19,283298,,35286,,191327,30142,,
1662,2009-04-20,335157,,44316,,213922,34950,,
1663,2009-04-21,350450,,46962,,212739,35767,,
1664,2009-04-22,355831,,46251,,214563,35923,,
1665,2009-04-23,344063,,44724,,215450,35245,,
1666,2009-04-24,327243,,42817,,214618,35716,,
1667,2009-04-25,304615,,38077,,226207,35025,,
1668,2009-04-26,307342,,38845,,251321,35408,,
1669,2009-04-27,353194,,47675,,272871,40737,,
1670,2009-04-28,345647,,45515,,263236,39691,,
1671,2009-04-29,332928,,43979,,222703,35280,,
1672,2009-04-30,332734,,44562,,209628,35500,,
1673,2009-05-01,324805,,42222,,221490,35783,,
1674,2009-05-02,287295,,35507,,215044,31018,,
1675,2009-05-03,279603,,34921,,206770,29786,,
1676,2009-05-04,321402,,42781,,220680,34101,,
1677,2009-05-05,323862,,43496,,212201,35134,,
1678,2009-05-06,325809,,43500,,217624,35859,,
1679,2009-05-07,325733,,43429,,230063,35828,,
1680,2009-05-08,319391,,41934,,234189,35744,,
1681,2009-05-09,289597,,35988,,247620,32814,,
1682,2009-05-10,273461,,34238,,215801,29187,,
1683,2009-05-11,316989,,42408,,209941,34258,,
1684,2009-05-12,325214,,43343,,211742,35345,,
1685,2009-05-13,329920,,43477,,212567,35842,,
1686,2009-05-14,332723,,43911,,224160,36922,,
1687,2009-05-15,330639,,42079,,243414,36900,,
1688,2009-05-16,306755,,37104,,234111,34363,,
1689,2009-05-17,278246,,34018,,202098,29429,,
1690,2009-05-18,323880,,40951,,208006,33869,,
1691,2009-05-19,331921,,43537,,212659,35771,,
1692,2009-05-20,334059,,45040,,215703,37647,,
1693,2009-05-21,346510,,46718,,225890,39397,,
1694,2009-05-22,347292,,46025,,241947,40591,,
1695,2009-05-23,315480,,41607,,243962,37261,,
1696,2009-05-24,308902,,41707,,233355,35644,,
1697,2009-05-25,300587,,40232,,248084,36779,,
1698,2009-05-26,351231,,50379,,247456,38327,,
1699,2009-05-27,365354,,52095,,240560,39881,,
1700,2009-05-28,360578,,48995,,257205,42643,,
1701,2009-05-29,336219,,44085,,271296,37896,,
1702,2009-05-30,299869,,38899,,237651,33384,,
1703,2009-05-31,291343,,37257,,239390,30773,,
1704,2009-06-01,336176,,46827,,244057,36017,,
1705,2009-06-02,363584,,52024,,282811,41265,,
1706,2009-06-03,344078,,45061,,287377,37567,,
1707,2009-06-04,328310,,43010,,243977,35665,,
1708,2009-06-05,319460,,41638,,229792,35318,,
1709,2009-06-06,299579,,38511,,211582,33361,,
1710,2009-06-07,308388,,40086,,228484,34427,,
1711,2009-06-08,368567,,50364,,281966,42968,,
1712,2009-06-09,384758,,54630,,288548,45470,,
1713,2009-06-10,358127,,49049,,274640,43015,,
1714,2009-06-11,352316,,49060,,288978,41507,,
1715,2009-06-12,343174,,45905,,298248,39065,,
1716,2009-06-13,317170,,39996,,272316,35173,,
1717,2009-06-14,312076,,38969,,257071,33494,,
1718,2009-06-15,360690,,49404,,263600,40112,,
1719,2009-06-16,363123,,49632,,256509,41985,,
1720,2009-06-17,369189,,53428,,238422,39429,,
1721,2009-06-18,371689,,51187,,271200,38452,,
1722,2009-06-19,387077,,56580,,281924,39576,,
1723,2009-06-20,374959,,51909,,292136,40488,,
1724,2009-06-21,355542,,49813,,266178,36816,,
1725,2009-06-22,396187,,57701,,280339,42919,,
1726,2009-06-23,405715,,58347,,283759,44132,,
1727,2009-06-24,414401,,60805,,289973,44884,,
1728,2009-06-25,421736,,65107,,300112,48455,,
1729,2009-06-26,408822,,58851,,306954,45402,,
1730,2009-06-27,365944,,50930,,280494,39201,,
1731,2009-06-28,345351,,48703,,244865,36927,,
1732,2009-06-29,358614,,48895,,284789,40747,,
1733,2009-06-30,343423,,45386,,288516,39563,,
1734,2009-07-01,330910,,43168,,294264,38132,,
1735,2009-07-02,311164,,40650,,279347,36674,,
1736,2009-07-03,292845,,38926,,250471,33848,,
1737,2009-07-04,285191,,36187,,244794,32554,,
1738,2009-07-05,292043,,37960,,220487,32892,,
1739,2009-07-06,353728,,46974,,256148,39708,,
1740,2009-07-07,366553,,48696,,281620,41345,,
1741,2009-07-08,363811,,47858,,276837,38956,,
1742,2009-07-09,367365,,48845,,262586,41118,,
1743,2009-07-10,374806,,52016,,255028,43755,,
1744,2009-07-11,351386,,45423,,253476,41730,,
1745,2009-07-12,338478,,43938,,282666,39618,,
1746,2009-07-13,373954,,49978,,285276,41333,,
1747,2009-07-14,368401,,49495,,273672,39619,,
1748,2009-07-15,376665,,50768,,279989,42339,,
1749,2009-07-16,406781,,56288,,311048,48986,,
1750,2009-07-17,373063,,49856,,295329,42290,,
1751,2009-07-18,309039,,37497,,259290,34218,,
1752,2009-07-19,298527,,36927,,247862,33461,,
1753,2009-07-20,347476,,46402,,261408,38315,,
1754,2009-07-21,368487,,49263,,276336,40067,,
1755,2009-07-22,364998,,47623,,293779,41323,,
1756,2009-07-23,368442,,48264,,302304,42170,,
1757,2009-07-24,369371,,49560,,292835,41049,,
1758,2009-07-25,329883,,42076,,286420,36956,,
1759,2009-07-26,324704,,41946,,293778,37101,,
1760,2009-07-27,386023,,52827,,306718,43999,,
1761,2009-07-28,402173,,55636,,315582,46641,,
1762,2009-07-29,382928,,53880,,310903,43553,,
1763,2009-07-30,376369,,52487,,313374,44019,,
1764,2009-07-31,379234,,52621,,316367,43274,,
1765,2009-08-01,343587,,43995,,289215,40088,,
1766,2009-08-02,334149,,42472,,279183,38978,,
1767,2009-08-03,371032,,49799,,306065,42084,,
1768,2009-08-04,377428,,49788,,315119,44397,,
1769,2009-08-05,369536,,50018,,316316,42455,,
1770,2009-08-06,372512,,49810,,282371,39370,,
1771,2009-08-07,363634,,48482,,269264,39525,,
1772,2009-08-08,350996,,47740,,268746,38180,,
1773,2009-08-09,392187,,53660,,307849,44689,,
1774,2009-08-10,437812,,60293,,344673,52261,,
1775,2009-08-11,419661,,59005,,345228,46568,,
1776,2009-08-12,398640,,55930,,308939,44361,,
1777,2009-08-13,398152,,54733,,295759,44890,,
1778,2009-08-14,404228,,54704,,289430,47115,,
1779,2009-08-15,384702,,50574,,283879,46453,,
1780,2009-08-16,391125,,53674,,288740,46258,,
1781,2009-08-17,429740,,61107,,313147,53205,,
1782,2009-08-18,417878,,60707,,332608,51623,,
1783,2009-08-19,414216,,58973,,335898,48556,,
1784,2009-08-20,416639,,57437,,339513,48430,,
1785,2009-08-21,399086,,53322,,339648,46984,,
1786,2009-08-22,335422,,40702,,285350,40737,,
1787,2009-08-23,306142,,37414,,271972,35628,,
1788,2009-08-24,360971,,47363,,295398,40605,,
1789,2009-08-25,386429,,51433,,296485,43022,,
1790,2009-08-26,400613,,54666,,315132,45427,,
1791,2009-08-27,401475,,56383,,321276,45261,,
1792,2009-08-28,377108,,54051,,297732,41956,,
1793,2009-08-29,341963,,43406,,286515,38807,,
1794,2009-08-30,306978,,37002,,279925,32908,,
1795,2009-08-31,339001,,43547,,248808,36224,,
1796,2009-09-01,343601,,44743,,235317,36784,,
1797,2009-09-02,349415,,46525,,235864,37655,,
1798,2009-09-03,354999,,47188,,242325,37900,,
1799,2009-09-04,353252,,46316,,253370,38028,,
1800,2009-09-05,320028,,39939,,248739,35685,,
1801,2009-09-06,306706,,38554,,243691,34153,,
1802,2009-09-07,315427,,39752,,239894,34689,,
1803,2009-09-08,360570,,48775,,243718,39720,,
1804,2009-09-09,367477,,50206,,246115,40351,,
1805,2009-09-10,362516,,49972,,234357,39061,,
1806,2009-09-11,353126,,47262,,226457,36167,,
1807,2009-09-12,317652,,39584,,218727,33168,,
1808,2009-09-13,304275,,37668,,230875,33632,,
1809,2009-09-14,361498,,48066,,256151,39976,,
1810,2009-09-15,373745,,50174,,267277,41203,,
1811,2009-09-16,360228,,48547,,259804,39116,,
1812,2009-09-17,349237,,45238,,238709,38155,,
1813,2009-09-18,347150,,44537,,240680,37747,,
1814,2009-09-19,315212,,39017,,220762,33805,,
1815,2009-09-20,303463,,37337,,210521,33707,,
1816,2009-09-21,359937,,48822,,240107,40734,,
1817,2009-09-22,377858,,52280,,257275,41281,,
1818,2009-09-23,383529,,51953,,283239,42569,,
1819,2009-09-24,372484,,47861,,295386,41181,,
1820,2009-09-25,343107,,43158,,244340,37483,,
1821,2009-09-26,310354,,38564,,206495,33351,,
1822,2009-09-27,294752,,35992,,218697,31626,,
1823,2009-09-28,327882,,42285,,233055,35565,,
1824,2009-09-29,332007,,42798,,217510,35733,,
1825,2009-09-30,334762,,43055,,213959,35505,,
1826,2009-10-01,334744,,43144,,214874,35759,,
1827,2009-10-02,327595,,41779,,215568,35802,,
1828,2009-10-03,297418,,36077,,216022,32581,,
1829,2009-10-04,289971,,34993,,202894,31106,,
1830,2009-10-05,327241,,42863,,217311,35540,,
1831,2009-10-06,335705,,44188,,217679,36259,,
1832,2009-10-07,328402,,43110,,226117,35990,,
1833,2009-10-08,338775,,44338,,214152,36167,,
1834,2009-10-09,337849,,43010,,229990,36769,,
1835,2009-10-10,304882,,36482,,219318,32608,,
1836,2009-10-11,299485,,36534,,191050,31212,,
1837,2009-10-12,339682,,44158,,209093,36314,,
1838,2009-10-13,337542,,43992,,217361,36741,,
1839,2009-10-14,355355,,46284,,218000,37783,,
1840,2009-10-15,359134,,46721,,229127,38221,,
1841,2009-10-16,353056,,46371,,231432,37822,,
1842,2009-10-17,336852,,40794,,226344,35283,,
1843,2009-10-18,330401,,39301,,231318,33510,,
1844,2009-10-19,366257,,46293,,236707,37152,,
1845,2009-10-20,354810,,45183,,233342,36653,,
1846,2009-10-21,345334,,44731,,221375,36708,,
1847,2009-10-22,338209,,44240,,215321,36083,,
1848,2009-10-23,332120,,42539,,214696,35198,,
1849,2009-10-24,310801,,37741,,212157,31963,,
1850,2009-10-25,312181,,37844,,196968,30814,,
1851,2009-10-26,348783,,44380,,221724,34707,,
1852,2009-10-27,351622,,46052,,220824,35833,,
1853,2009-10-28,343028,,45525,,221238,36710,,
1854,2009-10-29,338478,,45044,,215210,36024,,
1855,2009-10-30,331384,,44501,,213340,35111,,
1856,2009-10-31,303020,,38662,,204637,32417,,
1857,2009-11-01,296063,,37535,,197535,31047,,
1858,2009-11-02,354715,,46703,,222243,36697,,
1859,2009-11-03,359667,,46735,,225118,36133,,
1860,2009-11-04,375902,,47632,,232297,38046,,
1861,2009-11-05,365930,,46526,,232259,37665,,
1862,2009-11-06,365723,,46025,,236710,36609,,
1863,2009-11-07,331005,,39057,,231641,33678,,
1864,2009-11-08,305602,,36569,,209603,31976,,
1865,2009-11-09,343160,,44433,,221495,35638,,
1866,2009-11-10,351703,,45299,,218562,35756,,
1867,2009-11-11,355143,,46142,,231329,36074,,
1868,2009-11-12,370206,,47825,,248264,36666,,
1869,2009-11-13,356102,,46083,,233599,36372,,
1870,2009-11-14,318293,,39407,,210866,32882,,
1871,2009-11-15,304932,,37354,,204529,32356,,
1872,2009-11-16,349888,,45172,,219679,35137,,
1873,2009-11-17,353937,,47243,,222255,36165,,
1874,2009-11-18,355291,,46320,,227676,36911,,
1875,2009-11-19,358144,,46926,,223067,37331,,
1876,2009-11-20,357705,,45564,,216455,36692,,
1877,2009-11-21,339050,,40627,,221896,33951,,
1878,2009-11-22,336695,,39702,,223358,32484,,
1879,2009-11-23,363922,,47271,,237920,36572,,
1880,2009-11-24,354215,,47124,,234025,36062,,
1881,2009-11-25,348868,,46089,,228676,35751,,
1882,2009-11-26,315576,,39913,,215983,31820,,
1883,2009-11-27,342792,,42544,,228606,34878,,
1884,2009-11-28,343622,,41675,,241105,34016,,
1885,2009-11-29,326637,,39257,,228176,33103,,
1886,2009-11-30,371788,,47943,,232289,36503,,
1887,2009-12-01,395009,,49853,,256521,37674,,
1888,2009-12-02,395079,,50193,,256410,39143,,
1889,2009-12-03,382420,,50184,,224090,38697,,
1890,2009-12-04,396268,,51343,,245423,38669,,
1891,2009-12-05,399926,,48918,,259383,37468,,
1892,2009-12-06,401727,,48062,,281021,37688,,
1893,2009-12-07,432991,,54325,,289502,41230,,
1894,2009-12-08,428191,,53739,,283054,40540,,
1895,2009-12-09,403462,,52901,,257479,40249,,
1896,2009-12-10,455826,,59514,,260463,43313,,
1897,2009-12-11,465169,,57074,,310601,43962,,
1898,2009-12-12,426571,,49373,,285810,39050,,
1899,2009-12-13,381760,,45262,,271001,37829,,
1900,2009-12-14,387364,,48979,,269269,39820,,
1901,2009-12-15,399158,,52796,,248054,40958,,
1902,2009-12-16,436508,,56297,,279370,43459,,
1903,2009-12-17,441614,,54711,,307743,43146,,
1904,2009-12-18,428472,,52100,,317290,41699,,
1905,2009-12-19,385592,,47342,,322531,39514,,
1906,2009-12-20,380776,,46943,,310687,38674,,
1907,2009-12-21,414316,,52837,,315725,41817,,
1908,2009-12-22,415152,,52544,,305366,41379,,
1909,2009-12-23,414158,,52143,,299291,41614,,
1910,2009-12-24,374658,,46387,,299021,39073,,
1911,2009-12-25,343427,,41356,,270855,35438,,
1912,2009-12-26,355326,,43300,,232146,35517,,
1913,2009-12-27,373625,,44841,,248310,36233,,
1914,2009-12-28,433256,,53551,,283260,40950,,
1915,2009-12-29,433520,,51085,,312279,41494,,
1916,2009-12-30,431411,,51039,,326516,42136,,
1917,2009-12-31,392301,,46124,,293896,38750,,
1918,2010-01-01,392893,,48313,,268738,37287,,
1919,2010-01-02,445214,,52077,,326344,40289,,
1920,2010-01-03,463879,,54609,,358216,41708,,
1921,2010-01-04,490953,,59594,,349106,44372,,
1922,2010-01-05,490655,,60650,,338614,44485,,
1923,2010-01-06,481835,,59811,,329847,44902,,
1924,2010-01-07,478704,,58626,,322323,44314,,
1925,2010-01-08,491789,,59774,,325978,45114,,
1926,2010-01-09,460158,,52923,,333594,41494,,
1927,2010-01-10,453347,,54898,,337185,42126,,
1928,2010-01-11,491525,,59383,,345475,45341,,
1929,2010-01-12,466064,,56956,,321053,45131,,
1930,2010-01-13,464761,,57285,,322597,44453,,
1931,2010-01-14,443720,,54016,,302093,42901,,
1932,2010-01-15,416051,,50035,,278693,41101,,
1933,2010-01-16,381146,,44643,,258889,36597,,
1934,2010-01-17,365470,,44089,,246283,36441,,
1935,2010-01-18,401156,,53186,,250210,39624,,
1936,2010-01-19,407724,,53163,,257851,41261,,
1937,2010-01-20,410570,,54488,,267892,41725,,
1938,2010-01-21,423397,,53243,,288764,41702,,
1939,2010-01-22,404249,,49551,,290202,40229,,
1940,2010-01-23,365530,,43972,,270433,35937,,
1941,2010-01-24,356677,,41904,,254698,35571,,
1942,2010-01-25,390568,,50985,,227450,38988,,
1943,2010-01-26,445509,,56587,,262837,41678,,
1944,2010-01-27,446333,,56107,,282614,42594,,
1945,2010-01-28,434887,,55721,,274783,43083,,
1946,2010-01-29,464957,,59040,,320358,45306,,
1947,2010-01-30,453339,,52673,,358796,42291,,
1948,2010-01-31,431667,,50843,,337784,41063,,
1949,2010-02-01,448070,,55087,,326157,42311,,
1950,2010-02-02,433640,,52240,,320153,41971,,
1951,2010-02-03,423501,,52822,,304355,41587,,
1952,2010-02-04,428330,,53755,,299321,40825,,
1953,2010-02-05,433660,,52534,,309395,40985,,
1954,2010-02-06,406954,,49102,,309381,33846,,
1955,2010-02-07,412137,,50172,,318879,38575,,
1956,2010-02-08,452311,,57848,,330893,42628,,
1957,2010-02-09,450678,,56355,,332794,43021,,
1958,2010-02-10,480286,,56909,,335490,43642,,
1959,2010-02-11,460963,,55669,,313009,43352,,
1960,2010-02-12,449251,,56002,,309604,42539,,
1961,2010-02-13,427062,,49629,,308478,39836,,
1962,2010-02-14,407546,,47955,,299527,39771,,
1963,2010-02-15,453997,,55571,,314000,44080,,
1964,2010-02-16,470448,,56419,,313889,44203,,
1965,2010-02-17,453561,,54946,,318794,43909,,
1966,2010-02-18,442857,,54259,,297953,43168,,
1967,2010-02-19,419365,,52531,,283115,41852,,
1968,2010-02-20,397473,,47199,,268278,38741,,
1969,2010-02-21,366070,,43339,,258615,37128,,
1970,2010-02-22,404170,,50291,,274325,40551,,
1971,2010-02-23,409840,,51643,,269888,41370,,
1972,2010-02-24,423467,,52664,,279635,41344,,
1973,2010-02-25,454893,,55571,,292622,42461,,
1974,2010-02-26,455717,,55274,,308999,43871,,
1975,2010-02-27,412993,,48112,,270934,39255,,
1976,2010-02-28,391937,,45017,,266100,37562,,
1977,2010-03-01,411568,,50724,,267215,41031,,
1978,2010-03-02,430479,,53832,,284162,41331,,
1979,2010-03-03,431264,,52592,,300554,41408,,
1980,2010-03-04,417673,,51434,,277936,41522,,
1981,2010-03-05,416430,,50944,,276220,40892,,
1982,2010-03-06,382164,,45082,,256119,37206,,
1983,2010-03-07,362357,,43074,,248421,35871,,
1984,2010-03-08,375891,,46672,,251326,39157,,
1985,2010-03-09,372656,,46811,,246127,38735,,
1986,2010-03-10,355736,,45007,,231048,37858,,
1987,2010-03-11,356401,,44805,,220594,37496,,
1988,2010-03-12,342567,,43396,,222126,37230,,
1989,2010-03-13,333161,,40449,,211822,35325,,
1990,2010-03-14,322628,,39920,,207294,33045,,
1991,2010-03-15,377795,,48669,,242799,38636,,
1992,2010-03-16,370537,,46033,,242320,38560,,
1993,2010-03-17,359931,,45553,,240627,38093,,
1994,2010-03-18,352418,,45343,,227385,37931,,
1995,2010-03-19,346851,,43417,,223332,37219,,
1996,2010-03-20,318488,,37638,,205105,33837,,
1997,2010-03-21,305984,,37688,,196073,32284,,
1998,2010-03-22,357094,,46914,,212619,36871,,
1999,2010-03-23,381089,,47003,,227171,38006,,
2000,2010-03-24,362072,,45147,,224972,37937,,
2001,2010-03-25,359397,,45533,,217830,37796,,
2002,2010-03-26,374733,,49005,,222802,38534,,
2003,2010-03-27,354093,,42488,,235449,35389,,
2004,2010-03-28,332857,,38678,,227086,33808,,
2005,2010-03-29,362756,,46497,,220658,37342,,
2006,2010-03-30,361578,,46092,,221509,36817,,
2007,2010-03-31,354140,,43831,,216260,37379,,
2008,2010-04-01,336000,,41883,,213312,36781,,
2009,2010-04-02,311995,,37532,,207416,35261,,
2010,2010-04-03,287067,,34647,,195907,34317,,
2011,2010-04-04,277612,,33403,,194284,31226,,
2012,2010-04-05,327842,,42522,,223024,37532,,
2013,2010-04-06,346694,,44622,,250252,39532,,
2014,2010-04-07,344228,,43995,,261831,40541,,
2015,2010-04-08,336666,,42325,,251072,38231,,
2016,2010-04-09,338974,,43262,,208287,36620,,
2017,2010-04-10,317712,,38253,,197517,33416,,
2018,2010-04-11,297772,,35255,,198524,32183,,
2019,2010-04-12,333289,,41932,,211934,36588,,
2020,2010-04-13,335327,,42471,,211655,36497,,
2021,2010-04-14,334580,,42738,,213947,37000,,
2022,2010-04-15,340959,,44002,,219514,36889,,
2023,2010-04-16,329309,,42276,,222567,36495,,
2024,2010-04-17,297780,,35772,,200550,32265,,
2025,2010-04-18,299490,,35660,,194317,32825,,
2026,2010-04-19,332892,,42315,,214005,37209,,
2027,2010-04-20,330345,,42359,,213486,36202,,
2028,2010-04-21,326937,,42568,,212770,36391,,
2029,2010-04-22,331170,,42165,,213928,36577,,
2030,2010-04-23,326116,,41438,,209363,36301,,
2031,2010-04-24,303347,,36589,,194595,32199,,
2032,2010-04-25,292313,,34956,,201522,31717,,
2033,2010-04-26,334461,,42751,,219732,36128,,
2034,2010-04-27,343144,,43420,,209041,35708,,
2035,2010-04-28,350127,,43700,,213187,36955,,
2036,2010-04-29,345921,,43154,,217964,36940,,
2037,2010-04-30,337189,,42732,,222674,37003,,
2038,2010-05-01,310953,,37115,,237112,34925,,
2039,2010-05-02,309072,,36330,,269222,34684,,
2040,2010-05-03,347063,,43452,,276748,39931,,
2041,2010-05-04,344428,,43344,,263081,37732,,
2042,2010-05-05,348504,,44514,,253739,39057,,
2043,2010-05-06,345021,,43392,,269639,38251,,
2044,2010-05-07,343844,,43427,,237454,37416,,
2045,2010-05-08,307916,,36725,,235096,33152,,
2046,2010-05-09,289970,,34944,,191470,31736,,
2047,2010-05-10,338979,,42483,,210112,36223,,
2048,2010-05-11,345710,,44051,,214482,36718,,
2049,2010-05-12,340241,,43929,,232706,37032,,
2050,2010-05-13,350590,,45821,,214717,37078,,
2051,2010-05-14,353757,,45178,,247615,40221,,
2052,2010-05-15,315238,,36775,,245626,34021,,
2053,2010-05-16,297082,,34814,,219610,32365,,
2054,2010-05-17,334022,,42805,,217609,37605,,
2055,2010-05-18,335848,,43380,,214888,36904,,
2056,2010-05-19,332056,,42584,,214234,37579,,
2057,2010-05-20,342025,,43144,,229543,38548,,
2058,2010-05-21,337900,,43184,,239979,38627,,
2059,2010-05-22,314882,,38371,,223165,35173,,
2060,2010-05-23,317912,,39763,,223606,35093,,
2061,2010-05-24,378379,,51808,,238871,41716,,
2062,2010-05-25,388679,,52926,,245777,43354,,
2063,2010-05-26,400525,,54721,,262620,47166,,
2064,2010-05-27,408226,,53753,,293176,48386,,
2065,2010-05-28,393116,,51713,,256184,46632,,
2066,2010-05-29,353773,,45928,,243646,40770,,
2067,2010-05-30,351356,,44908,,265066,40184,,
2068,2010-05-31,352573,,46751,,290752,41772,,
2069,2010-06-01,386626,,52249,,294851,45184,,
2070,2010-06-02,398353,,54200,,302047,45419,,
2071,2010-06-03,394793,,52009,,304361,43373,,
2072,2010-06-04,397952,,54661,,307739,45341,,
2073,2010-06-05,370377,,47517,,309050,40311,,
2074,2010-06-06,340828,,41954,,302589,37820,,
2075,2010-06-07,349327,,45497,,261235,39190,,
2076,2010-06-08,349690,,45482,,248338,38375,,
2077,2010-06-09,359465,,48777,,245689,39851,,
2078,2010-06-10,384927,,51469,,298511,42143,,
2079,2010-06-11,387575,,53676,,288824,41951,,
2080,2010-06-12,373179,,49730,,289420,44170,,
2081,2010-06-13,363258,,47030,,309469,44343,,
2082,2010-06-14,410096,,57138,,333207,46590,,
2083,2010-06-15,424447,,57491,,308650,45203,,
2084,2010-06-16,419601,,56420,,294038,48180,,
2085,2010-06-17,401781,,54953,,309241,41914,,
2086,2010-06-18,404149,,57136,,289786,43293,,
2087,2010-06-19,387922,,50545,,296552,45334,,
2088,2010-06-20,376303,,49528,,317607,43742,,
2089,2010-06-21,415922,,54966,,331815,47913,,
2090,2010-06-22,433760,,56857,,344569,50118,,
2091,2010-06-23,443027,,63005,,354996,51867,,
2092,2010-06-24,431182,,58084,,360798,49606,,
2093,2010-06-25,417169,,54871,,332999,46013,,
2094,2010-06-26,400985,,51631,,319404,45065,,
2095,2010-06-27,403893,,54747,,339032,49065,,
2096,2010-06-28,425668,,54295,,364843,49449,,
2097,2010-06-29,395736,,48096,,341392,42855,,
2098,2010-06-30,368643,,44707,,281287,39124,,
2099,2010-07-01,357311,,43809,,259593,37826,,
2100,2010-07-02,350859,,42851,,248912,37732,,
2101,2010-07-03,336743,,41993,,247686,38173,,
2102,2010-07-04,360553,,48302,,270212,41268,,
2103,2010-07-05,409477,,54570,,313308,48899,,
2104,2010-07-06,446626,,61941,,351141,55844,,
2105,2010-07-07,453875,,63375,,360805,56725,,
2106,2010-07-08,456842,,63858,,355591,55851,,
2107,2010-07-09,417608,,56629,,335503,51484,,
2108,2010-07-10,383921,,49805,,290861,43883,,
2109,2010-07-11,378570,,49230,,291340,42844,,
2110,2010-07-12,412408,,59251,,301859,48174,,
2111,2010-07-13,407786,,54744,,318373,48758,,
2112,2010-07-14,427712,,57352,,323478,49435,,
2113,2010-07-15,448648,,62262,,336657,53127,,
2114,2010-07-16,444632,,61982,,349407,52006,,
2115,2010-07-17,406169,,54794,,326964,47713,,
2116,2010-07-18,393270,,52152,,325221,50255,,
2117,2010-07-19,437327,,61086,,338557,51798,,
2118,2010-07-20,435576,,59957,,336655,49383,,
2119,2010-07-21,439129,,60217,,339314,52509,,
2120,2010-07-22,451758,,61970,,351776,52685,,
2121,2010-07-23,480342,,66094,,362687,57607,,
2122,2010-07-24,453820,,61941,,376642,55783,,
2123,2010-07-25,410792,,53661,,365345,46879,,
2124,2010-07-26,427677,,56195,,337104,46888,,
2125,2010-07-27,428349,,58279,,298888,47969,,
2126,2010-07-28,451758,,63921,,336363,51971,,
2127,2010-07-29,441053,,60121,,344793,51333,,
2128,2010-07-30,399144,,51900,,295214,43416,,
2129,2010-07-31,357161,,44309,,267838,41098,,
2130,2010-08-01,358934,,46499,,246187,43599,,
2131,2010-08-02,427043,,58998,,276471,51096,,
2132,2010-08-03,438320,,60835,,304093,50503,,
2133,2010-08-04,447866,,64821,,335470,52827,,
2134,2010-08-05,434992,,60888,,330308,50830,,
2135,2010-08-06,409593,,55400,,319424,46718,,
2136,2010-08-07,365570,,47023,,289832,40303,,
2137,2010-08-08,366864,,47835,,291130,40961,,
2138,2010-08-09,438907,,60880,,332725,50305,,
2139,2010-08-10,467853,,66452,,354430,55830,,
2140,2010-08-11,463118,,64290,,361243,56983,,
2141,2010-08-12,464368,,65270,,341271,54622,,
2142,2010-08-13,461704,,64299,,297057,51720,,
2143,2010-08-14,419225,,56129,,274252,48512,,
2144,2010-08-15,402712,,52843,,275708,47888,,
2145,2010-08-16,432708,,57289,,333733,52686,,
2146,2010-08-17,412740,,54059,,339456,47232,,
2147,2010-08-18,406808,,56178,,302229,46792,,
2148,2010-08-19,419619,,58396,,292795,49668,,
2149,2010-08-20,433875,,59844,,309904,51827,,
2150,2010-08-21,383142,,49301,,298932,48408,,
2151,2010-08-22,371399,,47659,,300237,43297,,
2152,2010-08-23,396008,,53010,,304923,43944,,
2153,2010-08-24,383211,,51860,,266869,41697,,
2154,2010-08-25,392316,,53407,,266985,43628,,
2155,2010-08-26,378957,,48371,,288363,43281,,
2156,2010-08-27,369562,,46929,,280411,40271,,
2157,2010-08-28,356329,,43735,,271960,38339,,
2158,2010-08-29,376360,,49449,,282281,41434,,
2159,2010-08-30,440801,,61864,,319682,50193,,
2160,2010-08-31,447745,,61891,,324603,53216,,
2161,2010-09-01,437654,,61043,,327658,54505,,
2162,2010-09-02,436874,,60276,,318578,54340,,
2163,2010-09-03,396627,,51770,,300990,48515,,
2164,2010-09-04,306124,,36799,,259007,35016,,
2165,2010-09-05,287253,,34711,,227435,31858,,
2166,2010-09-06,309663,,38474,,247857,34143,,
2167,2010-09-07,387089,,53422,,292197,43783,,
2168,2010-09-08,370547,,48697,,304119,43732,,
2169,2010-09-09,349404,,45080,,263204,39153,,
2170,2010-09-10,343863,,44547,,237197,38123,,
2171,2010-09-11,315197,,38197,,220415,34901,,
2172,2010-09-12,314299,,38054,,222675,34868,,
2173,2010-09-13,361396,,48111,,252472,39728,,
2174,2010-09-14,365897,,46859,,263026,39966,,
2175,2010-09-15,361795,,47852,,258969,40097,,
2176,2010-09-16,364472,,49741,,272429,39737,,
2177,2010-09-17,348303,,44502,,274587,38079,,
2178,2010-09-18,320048,,40324,,233689,34212,,
2179,2010-09-19,320954,,40964,,235929,34069,,
2180,2010-09-20,363652,,48899,,254387,38053,,
2181,2010-09-21,382607,,53560,,242111,39845,,
2182,2010-09-22,395345,,53954,,285504,42925,,
2183,2010-09-23,406136,,55108,,304844,45032,,
2184,2010-09-24,408830,,55727,,311846,47647,,
2185,2010-09-25,331218,,39406,,289714,37886,,
2186,2010-09-26,291960,,34784,,241760,31625,,
2187,2010-09-27,333068,,42647,,247877,37030,,
2188,2010-09-28,336846,,42890,,257084,37739,,
2189,2010-09-29,336673,,43499,,228279,37285,,
2190,2010-09-30,338372,,43748,,250212,37634,,
2191,2010-10-01,326716,,41358,,224754,36272,,
2192,2010-10-02,302712,,35926,,197766,32543,,
2193,2010-10-03,295964,,35874,,195624,32038,,
2194,2010-10-04,335570,,43536,,210790,36183,,
2195,2010-10-05,341736,,43690,,214557,37887,,
2196,2010-10-06,341234,,43254,,213794,38158,,
2197,2010-10-07,336938,,43192,,216974,37231,,
2198,2010-10-08,332722,,42398,,213710,36792,,
2199,2010-10-09,308521,,37459,,203400,33064,,
2200,2010-10-10,300767,,37327,,205493,32175,,
2201,2010-10-11,344419,,45231,,237801,37576,,
2202,2010-10-12,343287,,45013,,242924,37744,,
2203,2010-10-13,339143,,43739,,221569,37368,,
2204,2010-10-14,335343,,42116,,216581,36712,,
2205,2010-10-15,335301,,41243,,212290,36731,,
2206,2010-10-16,313879,,36870,,200611,33199,,
2207,2010-10-17,299849,,35358,,201168,31460,,
2208,2010-10-18,338234,,42813,,212592,36009,,
2209,2010-10-19,341848,,43402,,213810,36585,,
2210,2010-10-20,344012,,43909,,215928,37322,,
2211,2010-10-21,346736,,43225,,215631,37258,,
2212,2010-10-22,346955,,43390,,214597,37197,,
2213,2010-10-23,318603,,37622,,207994,33601,,
2214,2010-10-24,295099,,35488,,197691,32460,,
2215,2010-10-25,334712,,42813,,218425,36976,,
2216,2010-10-26,342279,,43246,,226683,38308,,
2217,2010-10-27,342259,,43174,,249756,37726,,
2218,2010-10-28,344700,,43926,,239832,37010,,
2219,2010-10-29,345791,,43618,,211866,37510,,
2220,2010-10-30,332043,,38978,,213450,34919,,
2221,2010-10-31,309645,,36737,,201519,34066,,
2222,2010-11-01,357618,,45392,,223417,39158,,
2223,2010-11-02,370324,,46493,,242768,40298,,
2224,2010-11-03,371254,,45882,,238114,40548,,
2225,2010-11-04,366480,,44813,,230404,39921,,
2226,2010-11-05,376505,,45635,,226685,39684,,
2227,2010-11-06,362617,,41803,,225905,36423,,
2228,2010-11-07,342896,,39612,,227209,34187,,
2229,2010-11-08,374045,,45422,,246733,39457,,
2230,2010-11-09,362663,,44755,,232444,39341,,
2231,2010-11-10,358645,,44757,,229415,39555,,
2232,2010-11-11,361608,,44338,,231966,38749,,
2233,2010-11-12,358863,,43519,,242063,38335,,
2234,2010-11-13,333313,,38064,,228069,34869,,
2235,2010-11-14,323834,,37285,,223912,34249,,
2236,2010-11-15,372380,,47467,,229943,38452,,
2237,2010-11-16,376029,,48289,,227081,39162,,
2238,2010-11-17,370483,,46883,,217752,39484,,
2239,2010-11-18,393187,,48750,,241680,40071,,
2240,2010-11-19,383862,,48247,,245190,39654,,
2241,2010-11-20,355705,,42510,,225531,36782,,
2242,2010-11-21,331817,,39092,,217491,36047,,
2243,2010-11-22,349735,,43814,,227524,37474,,
2244,2010-11-23,352480,,44463,,221922,37495,,
2245,2010-11-24,392377,,50786,,231840,38850,,
2246,2010-11-25,328912,,38333,,220864,34030,,
2247,2010-11-26,340127,,42199,,208590,35562,,
2248,2010-11-27,369505,,42632,,235609,37128,,
2249,2010-11-28,369563,,43188,,254649,36097,,
2250,2010-11-29,401994,,48456,,272915,38984,,
2251,2010-11-30,378594,,47067,,237726,39498,,
2252,2010-12-01,419949,,53356,,230668,41476,,
2253,2010-12-02,437864,,53203,,278201,43747,,
2254,2010-12-03,422667,,51249,,273854,42413,,
2255,2010-12-04,415386,,48084,,276717,39353,,
2256,2010-12-05,411347,,47817,,285088,39832,,
2257,2010-12-06,470883,,58563,,316759,44144,,
2258,2010-12-07,485463,,59153,,326347,45712,,
2259,2010-12-08,475581,,58543,,333237,45725,,
2260,2010-12-09,471924,,57747,,329902,45036,,
2261,2010-12-10,416129,,49863,,305308,42307,,
2262,2010-12-11,400426,,46397,,293156,39189,,
2263,2010-12-12,403701,,47797,,260872,38547,,
2264,2010-12-13,495005,,58683,,320101,45105,,
2265,2010-12-14,518482,,60937,,374578,47575,,
2266,2010-12-15,502957,,59778,,366624,47590,,
2267,2010-12-16,483754,,57669,,365282,47053,,
2268,2010-12-17,456852,,55639,,332809,45345,,
2269,2010-12-18,442695,,52151,,321837,41749,,
2270,2010-12-19,438054,,50116,,305635,42581,,
2271,2010-12-20,466995,,54256,,336610,45409,,
2272,2010-12-21,452597,,55142,,324656,45263,,
2273,2010-12-22,438251,,54185,,302276,44330,,
2274,2010-12-23,436079,,51645,,308917,43195,,
2275,2010-12-24,394018,,45740,,298338,40088,,
2276,2010-12-25,385095,,44523,,286441,37142,,
2277,2010-12-26,416025,,47686,,317528,39585,,
2278,2010-12-27,458412,,51939,,333416,43359,,
2279,2010-12-28,456175,,52020,,318448,43002,,
2280,2010-12-29,432862,,48269,,307671,41804,,
2281,2010-12-30,402403,,45212,,311427,40693,,
2282,2010-12-31,355083,,38537,,277433,37497,,
2283,2011-01-01,334072,241162,36864,,241467,34840,,
2284,2011-01-02,374485,270137,45163,,226648,36604,,
2285,2011-01-03,439918,290823,51943,,301211,42859,,
2286,2011-01-04,439203,299994,51849,,318070,42696,,
2287,2011-01-05,441545,308524,54046,,303142,44244,,
2288,2011-01-06,442481,301734,54168,,304966,44908,,
2289,2011-01-07,451514,307917,55073,,307215,44163,,
2290,2011-01-08,453057,289635,52474,,309942,42250,,
2291,2011-01-09,458260,271891,51532,,336589,41696,,
2292,2011-01-10,477197,297560,56515,,341123,44915,,
2293,2011-01-11,470997,302818,55873,,333712,45491,,
2294,2011-01-12,482935,303446,56460,,332004,44942,,
2295,2011-01-13,480555,303916,56291,,331641,44860,,
2296,2011-01-14,466483,302273,54790,,330339,44490,,
2297,2011-01-15,423402,279124,48849,,295019,41210,,
2298,2011-01-16,402780,271977,48652,,273074,40265,,
2299,2011-01-17,444609,298047,55461,,303442,44029,,
2300,2011-01-18,427424,298277,51572,,309466,42065,,
2301,2011-01-19,422465,303556,53076,,272460,43438,,
2302,2011-01-20,442414,311622,54702,,283340,44322,,
2303,2011-01-21,471023,324829,58338,,293035,45641,,
2304,2011-01-22,469599,299543,55415,,349142,43437,,
2305,2011-01-23,441712,283849,51148,,343341,42211,,
2306,2011-01-24,474027,308376,57565,,354487,46296,,
2307,2011-01-25,434595,301864,52778,,300841,43156,,
2308,2011-01-26,445646,301460,54937,,300037,42547,,
2309,2011-01-27,450264,306994,54532,,303372,42845,,
2310,2011-01-28,439242,295670,53057,,312414,43156,,
2311,2011-01-29,407695,268896,48422,,295142,40734,,
2312,2011-01-30,378149,257167,45007,,275527,39068,,
2313,2011-01-31,438236,300177,55428,,305478,44078,,
2314,2011-02-01,433969,307627,54980,,301488,43136,,
2315,2011-02-02,409026,271520,49282,,258274,43456,,
2316,2011-02-03,458520,306930,54998,,297100,44790,,
2317,2011-02-04,446326,311765,55190,,299640,43872,,
2318,2011-02-05,405436,281454,48742,,272058,39203,,
2319,2011-02-06,387660,262084,46364,,255250,38008,,
2320,2011-02-07,419457,290474,52174,,280738,40922,,
2321,2011-02-08,453032,308816,56125,,279810,43817,,
2322,2011-02-09,484384,323891,60522,,322427,46189,,
2323,2011-02-10,478157,326720,60182,,316064,45856,,
2324,2011-02-11,464879,314987,55945,,315900,44251,,
2325,2011-02-12,415884,270415,47627,,285337,39849,,
2326,2011-02-13,377298,246861,43047,,258058,37152,,
2327,2011-02-14,397945,275969,49662,,244252,41397,,
2328,2011-02-15,417058,286313,51794,,264490,42193,,
2329,2011-02-16,400256,273812,48872,,272317,41844,,
2330,2011-02-17,377056,268555,45363,,239254,38825,,
2331,2011-02-18,354996,265495,43163,,216514,37611,,
2332,2011-02-19,359468,253432,41854,,211473,36295,,
2333,2011-02-20,377300,254359,44217,,237936,37035,,
2334,2011-02-21,395981,286260,50491,,242673,41756,,
2335,2011-02-22,422816,294488,54784,,296149,43148,,
2336,2011-02-23,425334,293822,54328,,288404,43071,,
2337,2011-02-24,419809,287303,51621,,278199,41992,,
2338,2011-02-25,407134,283509,52361,,235135,42038,,
2339,2011-02-26,381852,265292,46453,,246792,38408,,
2340,2011-02-27,343729,249027,41477,,225916,35201,,
2341,2011-02-28,375675,282003,47984,,223731,39407,,
2342,2011-03-01,400025,282752,50817,,248492,41069,,
2343,2011-03-02,395158,281872,49329,,257992,41006,,
2344,2011-03-03,407037,285084,51120,,274344,42297,,
2345,2011-03-04,390423,272963,48625,,269978,40001,,
2346,2011-03-05,353417,262642,42847,,225444,35876,,
2347,2011-03-06,373381,249949,45613,,214782,36637,,
2348,2011-03-07,411642,282198,50940,,258462,40790,,
2349,2011-03-08,402893,277644,49093,,263541,39702,,
2350,2011-03-09,403337,277523,49209,,262751,40440,,
2351,2011-03-10,400053,283816,50478,,238470,39402,,
2352,2011-03-11,416283,273114,50369,,246891,40400,,
2353,2011-03-12,365625,252186,41942,,238310,36015,,
2354,2011-03-13,325618,230797,39539,,200869,34422,,
2355,2011-03-14,388604,270340,48425,,242226,39400,,
2356,2011-03-15,398073,277445,48740,,252433,39634,,
2357,2011-03-16,379145,265083,45656,,234616,39527,,
2358,2011-03-17,371131,258920,44597,,227493,38086,,
2359,2011-03-18,341302,249609,41817,,216256,36932,,
2360,2011-03-19,319954,232013,38875,,194543,33934,,
2361,2011-03-20,328078,226823,38159,,210502,34105,,
2362,2011-03-21,348107,250274,42803,,227156,36901,,
2363,2011-03-22,350943,269164,43436,,211832,37842,,
2364,2011-03-23,354604,272108,43876,,219500,38777,,
2365,2011-03-24,380790,275642,48409,,228685,39235,,
2366,2011-03-25,398276,273028,48191,,245691,40483,,
2367,2011-03-26,371970,254942,44355,,237843,37334,,
2368,2011-03-27,369985,239085,43072,,256966,36258,,
2369,2011-03-28,403562,270382,48770,,274018,40579,,
2370,2011-03-29,399829,269424,48809,,261327,40356,,
2371,2011-03-30,400651,264849,49923,,261426,40759,,
2372,2011-03-31,404165,262740,48948,,262252,40106,,
2373,2011-04-01,383651,264525,45116,,253043,38653,,
2374,2011-04-02,353382,233468,40313,,236857,35024,,
2375,2011-04-03,338120,221438,38612,,221847,33541,,
2376,2011-04-04,350082,250737,42283,,223238,36549,,
2377,2011-04-05,367848,257985,45454,,212834,38459,,
2378,2011-04-06,374469,255736,45769,,225421,39444,,
2379,2011-04-07,355628,258660,43319,,214838,37065,,
2380,2011-04-08,345459,261059,41872,,217617,37171,,
2381,2011-04-09,314031,228488,36216,,217239,34007,,
2382,2011-04-10,301215,223472,35659,,203290,32567,,
2383,2011-04-11,337348,247846,42729,,224361,38196,,
2384,2011-04-12,346460,246641,43179,,223255,37057,,
2385,2011-04-13,348942,249651,42971,,211196,37230,,
2386,2011-04-14,345693,249235,42004,,215294,37641,,
2387,2011-04-15,336991,258408,40974,,210368,36366,,
2388,2011-04-16,316220,235388,36945,,200862,33644,,
2389,2011-04-17,311752,220801,36798,,194056,33855,,
2390,2011-04-18,343418,258945,41953,,213007,37232,,
2391,2011-04-19,355436,275898,44493,,216549,37035,,
2392,2011-04-20,346104,269267,43522,,233465,37149,,
2393,2011-04-21,342034,257184,42958,,211755,36369,,
2394,2011-04-22,333826,247672,39632,,213017,35212,,
2395,2011-04-23,306931,216006,35511,,206820,32940,,
2396,2011-04-24,292356,199631,33671,,220865,30981,,
2397,2011-04-25,343081,244587,41801,,259679,37687,,
2398,2011-04-26,349312,254218,42916,,263864,39341,,
2399,2011-04-27,347575,251414,42399,,260762,39869,,
2400,2011-04-28,341603,255569,41526,,257366,37177,,
2401,2011-04-29,333353,248544,40632,,217763,35942,,
2402,2011-04-30,311392,222898,35612,,196336,32380,,
2403,2011-05-01,296402,206846,34564,,193463,31858,,
2404,2011-05-02,339827,240216,41837,,225806,37137,,
2405,2011-05-03,353248,251243,44533,,247053,36354,,
2406,2011-05-04,354283,250651,44237,,214945,37842,,
2407,2011-05-05,352298,249345,43003,,213194,37184,,
2408,2011-05-06,338841,244469,40253,,210750,36368,,
2409,2011-05-07,309664,218069,35789,,199732,31622,,
2410,2011-05-08,294262,204574,34282,,194972,30907,,
2411,2011-05-09,334777,242049,40736,,219689,35669,,
2412,2011-05-10,341387,276216,43423,,218831,36849,,
2413,2011-05-11,358959,317548,48837,,221707,38776,,
2414,2011-05-12,380612,308843,52159,,220507,40520,,
2415,2011-05-13,369795,276125,47423,,215531,41173,,
2416,2011-05-14,324074,222865,37737,,208992,36617,,
2417,2011-05-15,302300,215209,34695,,215451,34445,,
2418,2011-05-16,341529,245885,42041,,235400,36059,,
2419,2011-05-17,355470,248747,44624,,228926,36842,,
2420,2011-05-18,344522,248217,43267,,228426,38057,,
2421,2011-05-19,345474,252972,42484,,223684,37458,,
2422,2011-05-20,340105,256981,40996,,222802,37556,,
2423,2011-05-21,326290,231908,38660,,223055,34866,,
2424,2011-05-22,334080,238853,39999,,232873,35630,,
2425,2011-05-23,369004,278756,46300,,269684,41766,,
2426,2011-05-24,365236,260858,46333,,281703,41719,,
2427,2011-05-25,379851,255638,48734,,281228,43537,,
2428,2011-05-26,372076,253627,44530,,306955,43595,,
2429,2011-05-27,344652,245871,40004,,288663,40390,,
2430,2011-05-28,321841,217890,36013,,253795,36664,,
2431,2011-05-29,343872,211580,41532,,262275,39251,,
2432,2011-05-30,378527,256715,47894,,306454,46958,,
2433,2011-05-31,442970,330795,59365,,337858,55555,,
2434,2011-06-01,430181,299546,56289,,341444,54533,,208083
2435,2011-06-02,385712,268906,47958,,311284,42533,,185818
2436,2011-06-03,365896,302951,44724,,254091,37875,,176788
2437,2011-06-04,369324,328350,46974,,237041,37876,,180699
2438,2011-06-05,370059,268096,46061,,244219,43184,,188311
2439,2011-06-06,413863,336720,53586,,279818,46425,,210942
2440,2011-06-07,423869,413182,60529,,290287,43574,,223043
2441,2011-06-08,446800,418592,64286,,331039,51871,,248376
2442,2011-06-09,444396,293028,61754,,358392,55588,,236259
2443,2011-06-10,405905,254984,52836,,333567,49175,,193230
2444,2011-06-11,371959,229199,46436,,297288,43622,,180534
2445,2011-06-12,340229,211972,40346,,283687,40231,,154297
2446,2011-06-13,358105,254026,44014,,268794,38913,,174295
2447,2011-06-14,355710,264019,45538,,251008,37640,,174512
2448,2011-06-15,346718,267122,43874,,250297,39576,,177572
2449,2011-06-16,366083,282970,46899,,261355,40826,,184944
2450,2011-06-17,383517,305691,50698,,279476,40651,,191674
2451,2011-06-18,358810,283597,45055,,283820,40821,,180911
2452,2011-06-19,342195,274541,40501,,270192,40776,,168433
2453,2011-06-20,376102,312301,47167,,266498,46298,,196711
2454,2011-06-21,417263,363007,54831,,290611,49719,,221344
2455,2011-06-22,403567,291668,52721,,321177,50473,,219779
2456,2011-06-23,389222,273559,49391,,315665,46947,,200293
2457,2011-06-24,364327,259357,43066,,304175,41391,,180903
2458,2011-06-25,335775,251601,40123,,276129,35971,,156218
2459,2011-06-26,325271,250422,39406,,261974,35961,,155451
2460,2011-06-27,383580,307401,46631,,292746,43451,,191200
2461,2011-06-28,408695,311312,52636,,320642,48663,,210175
2462,2011-06-29,388021,311770,49630,,305537,44684,,193328
2463,2011-06-30,395726,338230,52735,,288356,43753,,196608
2464,2011-07-01,397381,331999,53694,,286790,43947,,203373
2465,2011-07-02,371874,354956,48687,,281393,42537,,193644
2466,2011-07-03,378365,300080,50687,,294153,44762,,185305
2467,2011-07-04,360431,294926,47304,,290363,42617,,178646
2468,2011-07-05,400342,359715,53400,,310064,47537,,203714
2469,2011-07-06,421973,375146,56830,,297482,50326,,225358
2470,2011-07-07,426698,319319,57637,,316206,52868,,220550
2471,2011-07-08,402551,326953,54021,,308920,46120,,204605
2472,2011-07-09,382361,327079,49728,,291348,43242,,191527
2473,2011-07-10,394571,353909,51583,,293670,46189,,200133
2474,2011-07-11,436832,363324,61115,,334367,51799,,226411
2475,2011-07-12,446273,364775,61458,,355500,50996,,235955
2476,2011-07-13,424865,309628,58180,,343417,49149,,215519
2477,2011-07-14,401430,306803,52938,,288572,45390,,202758
2478,2011-07-15,396225,340425,53272,,267954,45278,,206104
2479,2011-07-16,378802,328334,52058,,264128,44640,,205261
2480,2011-07-17,385791,360816,54019,,280160,47233,,210079
2481,2011-07-18,455597,433456,66017,,320627,51881,,244439
2482,2011-07-19,464251,450290,68987,,336498,51931,,248043
2483,2011-07-20,475711,458653,69631,,354457,56007,,261016
2484,2011-07-21,498035,478087,71151,,377530,59563,,282082
2485,2011-07-22,489666,402894,71287,,391726,61417,,265393
2486,2011-07-23,432583,345441,63108,,369111,52664,,221227
2487,2011-07-24,414586,325210,55745,,342843,50414,,212732
2488,2011-07-25,448185,376174,61876,,342945,51970,,244235
2489,2011-07-26,452851,371233,63163,,334345,51240,,233964
2490,2011-07-27,447411,355818,64097,,337320,49288,,221825
2491,2011-07-28,471345,370549,69220,,345385,51611,,239284
2492,2011-07-29,469365,375588,66007,,368753,55012,,237538
2493,2011-07-30,427028,349058,57097,,344505,49443,,215190
2494,2011-07-31,410745,358590,55073,,307703,47325,,206470
2495,2011-08-01,448570,414991,63761,,330420,53249,,234422
2496,2011-08-02,462362,434003,65746,,330137,54795,,240279
2497,2011-08-03,433389,394116,61899,,321559,51075,,228184
2498,2011-08-04,438737,362197,60747,,327753,52661,,227066
2499,2011-08-05,442399,359937,59949,,309849,53868,,231496
2500,2011-08-06,417801,343040,55673,,295281,50375,,217415
2501,2011-08-07,403910,322974,53711,,322915,49843,,208077
2502,2011-08-08,436851,340052,59518,,343672,51351,,226822
2503,2011-08-09,430688,329508,57872,,339191,50001,,223145
2504,2011-08-10,406990,303298,53023,,329590,45969,,203458
2505,2011-08-11,390531,303285,48860,,304742,42754,,195702
2506,2011-08-12,386350,309987,48740,,291899,41553,,194551
2507,2011-08-13,373260,292247,47278,,272545,41116,,181060
2508,2011-08-14,345024,250007,40880,,276702,40316,,163409
2509,2011-08-15,377940,295263,49164,,283295,42643,,191365
2510,2011-08-16,393169,317507,51285,,286835,45398,,199703
2511,2011-08-17,394992,330470,53072,,295183,45735,,201784
2512,2011-08-18,415049,348702,57025,,299839,47610,,214306
2513,2011-08-19,412489,346881,57239,,291225,44413,,215813
2514,2011-08-20,387889,307200,50724,,282220,40992,,189380
2515,2011-08-21,370061,281152,49063,,290976,42147,,174771
2516,2011-08-22,387042,311526,50074,,290514,41128,,186126
2517,2011-08-23,383806,296822,51747,,263874,40517,,195276
2518,2011-08-24,414072,361918,60054,,278141,42700,,212791
2519,2011-08-25,422551,326803,58811,,302976,47349,,209971
2520,2011-08-26,397665,311079,52791,,300200,44719,,196523
2521,2011-08-27,361148,299632,46771,,235313,41566,,176674
2522,2011-08-28,339327,254149,42744,,198613,39152,,165263
2523,2011-08-29,368124,295185,48740,,231521,39176,,185626
2524,2011-08-30,373975,291739,48069,,244124,39631,,191970
2525,2011-08-31,392164,334367,51750,,251182,43475,,203177
2526,2011-09-01,428483,404926,61954,,255181,45432,,230648
2527,2011-09-02,448950,419958,65309,,259861,51289,,246491
2528,2011-09-03,413321,341040,56667,,254005,52278,,228476
2529,2011-09-04,357219,251219,43038,,272570,44230,,178281
2530,2011-09-05,313820,213884,35489,,276103,36326,,147992
2531,2011-09-06,338775,246886,42272,,261495,37257,,171451
2532,2011-09-07,345266,256730,43701,,267082,38514,,177961
2533,2011-09-08,349529,263377,44126,,274475,41341,,184773
2534,2011-09-09,352137,268306,44165,,282673,42027,,186041
2535,2011-09-10,329761,249367,39172,,267696,38383,,165216
2536,2011-09-11,321087,251300,38810,,265525,37765,,157081
2537,2011-09-12,368911,311637,47859,,273079,42196,,189864
2538,2011-09-13,385594,295608,50966,,276090,45372,,202824
2539,2011-09-14,366082,256504,45989,,287682,45305,,187162
2540,2011-09-15,341535,246438,42210,,265783,39499,,172791
2541,2011-09-16,327742,246179,41409,,209965,37036,,167759
2542,2011-09-17,303263,222391,37182,,196720,33473,,150933
2543,2011-09-18,297366,213710,35505,,197211,33283,,143651
2544,2011-09-19,342283,255240,44380,,221288,37547,,172977
2545,2011-09-20,352463,259252,45717,,232262,39671,,181336
2546,2011-09-21,357133,260298,46679,,246418,41556,,183680
2547,2011-09-22,358758,250315,45152,,263937,43301,,182042
2548,2011-09-23,341234,244859,42114,,252632,40924,,174621
2549,2011-09-24,310379,220392,37647,,230094,35833,,151969
2550,2011-09-25,308193,210781,36063,,233932,36967,,148743
2551,2011-09-26,351454,247639,43835,,266183,43627,,179967
2552,2011-09-27,349193,252132,42911,,269029,41180,,177626
2553,2011-09-28,344275,252486,43001,,266457,39416,,176605
2554,2011-09-29,344447,252921,43170,,255574,38034,,175683
2555,2011-09-30,335148,246952,41668,,234418,37210,,170036
2556,2011-10-01,318876,221989,38479,,197470,33210,,157316
2557,2011-10-02,312349,210802,36932,,199988,33040,,150101
2558,2011-10-03,349202,245658,43438,,219525,38170,,175173
2559,2011-10-04,345467,253315,43960,,216562,37960,,176862
2560,2011-10-05,340540,257897,44360,,217138,38088,,173944
2561,2011-10-06,344028,264534,44540,,214661,37638,,175617
2562,2011-10-07,342026,269070,43590,,214660,36970,,174223
2563,2011-10-08,314607,247788,38740,,199435,34049,,154542
2564,2011-10-09,301827,227741,35727,,200218,33141,,147230
2565,2011-10-10,343029,257444,43714,,219685,35813,,171624
2566,2011-10-11,345243,269019,43657,,222249,36727,,176088
2567,2011-10-12,343393,268115,43793,,226325,36786,,177338
2568,2011-10-13,343962,262767,43625,,234413,37451,,177871
2569,2011-10-14,334355,248293,42003,,223204,35605,,168983
2570,2011-10-15,309776,223279,37524,,197020,32313,,153254
2571,2011-10-16,302270,211822,36011,,196710,32211,,149203
2572,2011-10-17,334937,246861,42767,,219040,37077,,172210
2573,2011-10-18,341956,256232,44040,,224913,37858,,178590
2574,2011-10-19,350409,262227,45501,,227788,38453,,181539
2575,2011-10-20,370368,265025,46804,,214661,38882,,183957
2576,2011-10-21,359565,256773,44549,,214052,38642,,181760
2577,2011-10-22,331267,231441,39928,,199834,34244,,158318
2578,2011-10-23,319464,217146,37461,,203232,33698,,151634
2579,2011-10-24,347526,248360,44103,,216983,37526,,174860
2580,2011-10-25,351416,257017,45250,,216421,37396,,178412
2581,2011-10-26,345010,256171,44204,,217795,37841,,176470
2582,2011-10-27,349274,256625,44851,,216639,37911,,181948
2583,2011-10-28,370517,255524,46064,,224609,38841,,182379
2584,2011-10-29,349092,230690,41200,,239541,37230,,162491
2585,2011-10-30,342556,224115,39912,,240009,36236,,155950
2586,2011-10-31,371956,252535,45258,,247113,39425,,179986
2587,2011-11-01,374168,259032,46654,,231453,39644,,181403
2588,2011-11-02,362548,255689,45663,,236711,39234,,177894
2589,2011-11-03,358150,264114,45048,,231809,38831,,176485
2590,2011-11-04,349895,257635,43696,,225814,38136,,174744
2591,2011-11-05,345497,233128,39862,,227866,35715,,160866
2592,2011-11-06,320718,213494,36728,,213774,32935,,147309
2593,2011-11-07,361215,253406,44159,,229929,37204,,174837
2594,2011-11-08,358433,264133,44498,,231586,38144,,173440
2595,2011-11-09,359003,266240,44733,,230344,37571,,175734
2596,2011-11-10,370378,274189,47500,,226072,38011,,180569
2597,2011-11-11,386216,269169,47660,,246790,38904,,184730
2598,2011-11-12,352104,239392,40925,,240235,35931,,162817
2599,2011-11-13,324262,221241,38276,,217332,33709,,152837
2600,2011-11-14,343927,256049,44207,,219151,37459,,173955
2601,2011-11-15,349055,259336,44864,,217039,38535,,177946
2602,2011-11-16,355089,267026,45849,,221708,38798,,182887
2603,2011-11-17,390625,277709,49584,,238747,40866,,194460
2604,2011-11-18,397562,274764,49340,,269214,41501,,193283
2605,2011-11-19,363113,243681,42874,,249237,35790,,169335
2606,2011-11-20,316753,229156,38756,,212772,33687,,154758
2607,2011-11-21,355298,263549,47013,,217807,38522,,184708
2608,2011-11-22,362359,270782,47739,,223519,39604,,190434
2609,2011-11-23,360836,262722,45406,,222853,38648,,183766
2610,2011-11-24,328451,223483,37796,,218128,34220,,151270
2611,2011-11-25,326728,226471,37618,,220248,35341,,151787
2612,2011-11-26,321614,226966,36763,,215406,34384,,150106
2613,2011-11-27,317772,232626,36771,,206283,33663,,153051
2614,2011-11-28,361676,273120,47235,,216883,37572,,185011
2615,2011-11-29,386193,282616,49214,,224339,38844,,192094
2616,2011-11-30,409476,281925,51562,,252669,40984,,200093
2617,2011-12-01,413498,279443,51188,,262824,41472,,198578
2618,2011-12-02,408599,276835,50278,,263972,41774,,198900
2619,2011-12-03,379015,251510,44225,,244913,38078,,176464
2620,2011-12-04,354603,239006,41545,,240764,35906,,164946
2621,2011-12-05,378453,276942,48510,,240339,40006,,191168
2622,2011-12-06,384062,283740,52550,,223407,41346,,200532
2623,2011-12-07,399276,286449,53360,,225098,42427,,201634
2624,2011-12-08,424552,289215,53585,,258898,43797,,203090
2625,2011-12-09,421391,289845,52574,,271399,42433,,199145
2626,2011-12-10,402929,278834,49903,,250819,39066,,186293
2627,2011-12-11,407872,257528,48796,,274939,38927,,181630
2628,2011-12-12,430139,283044,54155,,291470,43601,,202116
2629,2011-12-13,409321,281441,53025,,279460,43683,,203492
2630,2011-12-14,386864,282294,49632,,264237,42186,,197208
2631,2011-12-15,380665,280236,48279,,241757,40682,,192426
2632,2011-12-16,391860,286695,51517,,234227,41460,,197524
2633,2011-12-17,395090,270817,47575,,260304,40530,,183613
2634,2011-12-18,381844,252962,44502,,276176,39373,,177720
2635,2011-12-19,413866,274198,50520,,287405,42877,,197535
2636,2011-12-20,394143,282756,49909,,249788,42247,,198599
2637,2011-12-21,373024,280996,47345,,237870,41113,,192756
2638,2011-12-22,374494,282903,47416,,223000,39393,,190667
2639,2011-12-23,367558,272792,45932,,221466,39568,,184914
2640,2011-12-24,348147,247154,42671,,233596,36783,,166142
2641,2011-12-25,340194,227882,40306,,244708,34721,,155276
2642,2011-12-26,343747,242379,41234,,242183,36300,,160452
2643,2011-12-27,385616,269994,46851,,260351,40031,,185747
2644,2011-12-28,397372,281205,48329,,255526,41619,,193904
2645,2011-12-29,401028,267937,46810,,281687,42331,,191889
2646,2011-12-30,364946,260491,43282,,255546,39112,,173854
2647,2011-12-31,338084,243257,41275,,218957,36935,,161876
2648,2012-01-01,345537,237456,41163,60488,227406,36118,,157718
2649,2012-01-02,405191,269228,49468,76317,254096,40473,,180793
2650,2012-01-03,472496,299708,56450,84081,326033,45204,,213339
2651,2012-01-04,464579,290869,55757,83293,342364,46746,,213673
2652,2012-01-05,418765,280656,51740,77043,285569,43074,,202213
2653,2012-01-06,390828,266330,48014,71482,258627,41383,,189140
2654,2012-01-07,355233,245699,42223,64826,228652,36741,,168438
2655,2012-01-08,366589,240921,42938,66406,230764,37359,,165920
2656,2012-01-09,406768,276483,49658,72256,279149,41123,,194214
2657,2012-01-10,404916,272201,49614,72940,267330,41157,,194794
2658,2012-01-11,407922,269402,50370,73684,279137,42925,,196498
2659,2012-01-12,398883,285762,50706,75966,237234,41283,,194996
2660,2012-01-13,471171,300123,59825,90164,267484,45343,,214718
2661,2012-01-14,434774,277115,52804,79649,286475,43204,,195819
2662,2012-01-15,415714,263260,50182,75722,290870,41342,,183840
2663,2012-01-16,439084,279439,53421,77994,312005,42706,,201870
2664,2012-01-17,391937,289315,49673,71880,253794,40225,,194871
2665,2012-01-18,426524,303730,54509,79717,253938,42524,,209051
2666,2012-01-19,453622,308829,56666,82745,297540,44409,,217490
2667,2012-01-20,441859,318022,58968,86941,287055,45029,,216611
2668,2012-01-21,408573,279644,52919,81623,285004,41319,,194463
2669,2012-01-22,392924,267533,48392,76113,298204,39102,,182719
2670,2012-01-23,393618,286761,49382,72757,289938,40581,,193628
2671,2012-01-24,396809,288995,53198,78078,240930,41444,,205489
2672,2012-01-25,406874,290801,54325,80379,257482,42788,,204570
2673,2012-01-26,397205,284935,52233,76944,246811,42089,,202078
2674,2012-01-27,383652,274410,51321,76635,222506,40752,,196961
2675,2012-01-28,385689,258447,47415,71028,234469,38512,,184174
2676,2012-01-29,386847,252659,46682,71686,247980,37421,,178886
2677,2012-01-30,414383,281890,51930,76220,268884,41841,,204376
2678,2012-01-31,381247,267317,47654,70534,246882,40025,,189570
2679,2012-02-01,363858,267273,45656,67938,225521,39242,,183609
2680,2012-02-02,371931,271948,47886,68796,222768,40611,,194124
2681,2012-02-03,388443,273371,48507,71581,250620,40318,,189616
2682,2012-02-04,369175,249473,44791,68023,254984,38184,,174962
2683,2012-02-05,353906,236593,41952,65315,257340,35190,,165403
2684,2012-02-06,403244,279490,49332,74202,280264,39432,,190883
2685,2012-02-07,405731,287515,51828,77196,255204,40900,,200799
2686,2012-02-08,420977,284713,52855,78514,279476,42589,,203588
2687,2012-02-09,426816,287463,53697,79018,276268,42620,,202836
2688,2012-02-10,430222,290474,52959,79187,274284,42859,,201608
2689,2012-02-11,432403,283459,52823,79954,270566,40496,,193526
2690,2012-02-12,437531,262875,50848,78029,323754,40598,,188735
2691,2012-02-13,441650,291475,54600,81647,306919,42533,,205631
2692,2012-02-14,420918,287358,53271,79529,265824,41654,,202326
2693,2012-02-15,393635,279188,50652,74830,247261,41911,,197394
2694,2012-02-16,385287,271693,48848,73102,259750,41071,,195127
2695,2012-02-17,378236,270786,47897,72049,245257,40265,,190250
2696,2012-02-18,361044,246851,44614,67915,237911,36629,,174196
2697,2012-02-19,370960,238529,45141,70453,255526,35983,,172232
2698,2012-02-20,405789,270020,51060,76790,280775,40081,,194698
2699,2012-02-21,408504,278070,50855,74452,286826,41218,,199454
2700,2012-02-22,380373,273051,48131,70333,242267,40203,,188364
2701,2012-02-23,372149,278226,48202,70475,224663,39458,,192121
2702,2012-02-24,372861,280626,49505,72843,218896,39372,,192016
2703,2012-02-25,392726,261263,47965,73215,240530,38289,,184130
2704,2012-02-26,374073,243959,45211,69851,254100,36099,,170526
2705,2012-02-27,387549,272045,48181,70331,256881,39786,,189178
2706,2012-02-28,384417,279596,49392,71198,238043,40771,,194463
2707,2012-02-29,361308,266949,45943,67685,250736,40432,,190881
2708,2012-03-01,357657,273953,46650,68101,218200,39720,,191881
2709,2012-03-02,374476,274406,47564,69949,232193,39311,,190169
2710,2012-03-03,348658,256904,45585,67201,214188,35553,,177294
2711,2012-03-04,366432,243341,45518,69827,232370,35947,,173322
2712,2012-03-05,420968,276392,52430,77115,288731,41675,,201090
2713,2012-03-06,406099,266585,50234,74059,280200,42387,,199720
2714,2012-03-07,366815,255252,45723,67149,249694,39622,,182642
2715,2012-03-08,356104,258212,45812,67638,220326,38755,,182850
2716,2012-03-09,370424,266887,48165,70004,220736,39851,,188927
2717,2012-03-10,357586,240564,44259,65669,240440,37573,,169235
2718,2012-03-11,316145,208263,37549,58895,225688,33279,,144633
2719,2012-03-12,349335,248143,44144,65540,228521,38074,,174159
2720,2012-03-13,336919,248450,43439,64957,217300,38210,,173050
2721,2012-03-14,336068,255160,43407,65239,221059,38322,,174819
2722,2012-03-15,339177,262951,43723,66612,223913,37694,,172242
2723,2012-03-16,333015,254791,42561,64475,214248,37714,,170487
2724,2012-03-17,301417,234264,37863,59448,199662,34474,,152310
2725,2012-03-18,291578,223809,36313,58686,193910,33998,,144749
2726,2012-03-19,335651,261996,44795,69081,215980,38739,,172880
2727,2012-03-20,344546,275057,45981,71478,220928,38890,,180867
2728,2012-03-21,349401,284146,46995,73656,218452,39612,,183823
2729,2012-03-22,354382,279095,47183,73806,224535,40069,,182674
2730,2012-03-23,339356,256972,44228,67401,233642,40354,,176534
2731,2012-03-24,298634,220485,37628,57254,207541,35932,,153149
2732,2012-03-25,288841,207908,35646,55191,195799,33931,,143355
2733,2012-03-26,331099,244302,42791,62248,210026,38300,,173588
2734,2012-03-27,352343,251130,45427,65022,226806,39471,,182771
2735,2012-03-28,340242,244849,43592,65141,225969,39236,,174865
2736,2012-03-29,332040,243471,42186,63766,212793,38397,,174707
2737,2012-03-30,333410,246479,42603,64227,212616,38840,,176091
2738,2012-03-31,297041,226570,38011,57798,194567,35361,,162417
2739,2012-04-01,294665,210544,36557,57697,188477,33731,,150836
2740,2012-04-02,329252,241182,41715,62675,203706,37521,,174727
2741,2012-04-03,338033,245080,43072,65973,214680,38566,,177948
2742,2012-04-04,330930,243980,42364,65873,213778,38141,,172678
2743,2012-04-05,332505,246579,42697,62100,207362,37281,,174905
2744,2012-04-06,320004,233409,39836,60408,213277,35696,,159627
2745,2012-04-07,306316,214664,36535,56806,206325,33723,,148311
2746,2012-04-08,287128,197989,33480,52807,197097,32466,,138510
2747,2012-04-09,332340,236770,42342,61351,206202,36932,,168726
2748,2012-04-10,349580,250488,44625,63783,210327,38811,,183184
2749,2012-04-11,367549,253272,46664,67579,222127,39810,,184810
2750,2012-04-12,365297,250760,45198,66914,228265,38982,,179128
2751,2012-04-13,346261,245792,42589,64539,218335,37391,,174381
2752,2012-04-14,316196,222177,38249,59374,201112,33842,,158020
2753,2012-04-15,303103,216020,36141,58125,208463,33448,,145769
2754,2012-04-16,344939,243549,43018,66691,250837,39522,,174231
2755,2012-04-17,336136,245299,42406,63482,236219,37173,,171532
2756,2012-04-18,334752,250624,42938,64291,211230,37177,,174934
2757,2012-04-19,335390,246462,43493,65331,211797,38051,,172950
2758,2012-04-20,334179,249855,42495,64005,212679,38119,,171665
2759,2012-04-21,307592,222730,38119,57818,207935,33979,,156045
2760,2012-04-22,314531,210588,38481,58773,199857,33796,,153326
2761,2012-04-23,362180,245092,45092,64978,228186,39573,,179147
2762,2012-04-24,354844,246657,44797,65029,224806,38928,,178870
2763,2012-04-25,344581,246948,43681,65047,221316,38289,,174632
2764,2012-04-26,336557,243911,43324,65121,212573,37924,,175949
2765,2012-04-27,332376,246867,42776,62908,207522,36947,,174990
2766,2012-04-28,321580,226337,39633,60247,202926,35430,,162744
2767,2012-04-29,302714,211197,36446,57986,198711,33804,,149206
2768,2012-04-30,343026,244605,44061,67690,210470,38626,,173518
2769,2012-05-01,350889,246353,44841,69450,235582,40113,,175316
2770,2012-05-02,370464,258682,48515,76330,252245,42361,,186101
2771,2012-05-03,394428,291696,52482,81994,242005,46513,,205720
2772,2012-05-04,374881,273027,49440,77073,255534,46981,,195990
2773,2012-05-05,322708,218706,40920,68136,237716,40193,,158121
2774,2012-05-06,311121,210241,38866,67534,211507,37905,,145519
2775,2012-05-07,359463,245009,48378,78102,220256,44292,,176485
2776,2012-05-08,352005,250356,45765,71122,226972,42258,,178640
2777,2012-05-09,334024,243948,43148,66096,229694,39492,,174550
2778,2012-05-10,331637,246986,42308,64049,213256,37467,,171826
2779,2012-05-11,333871,250823,42106,63800,211040,37664,,173305
2780,2012-05-12,303308,220560,37074,59179,204686,33982,,151787
2781,2012-05-13,292362,203124,35186,58048,210371,33226,,142763
2782,2012-05-14,338349,249443,44120,66993,228526,38738,,175025
2783,2012-05-15,349801,270952,46167,70058,245446,39936,,182360
2784,2012-05-16,351154,251305,45670,71247,247644,40231,,174651
2785,2012-05-17,339021,251377,43012,66316,234519,38379,,172361
2786,2012-05-18,340334,262011,43387,67153,218682,39073,,174343
2787,2012-05-19,328831,271031,41791,67798,207547,37624,,162242
2788,2012-05-20,332730,287366,43233,72131,210140,39851,,166929
2789,2012-05-21,370760,262046,50165,78504,235863,44164,,199706
2790,2012-05-22,351780,255112,45988,70901,244913,44418,,182653
2791,2012-05-23,356604,265237,46928,74109,253015,44220,,186784
2792,2012-05-24,379575,307533,50879,79590,257286,45565,,203728
2793,2012-05-25,394196,306477,54062,83893,273675,48240,,216476
2794,2012-05-26,373308,250587,51541,83426,267886,48774,,183486
2795,2012-05-27,376119,297605,50991,83694,267158,46113,,175961
2796,2012-05-28,389226,330784,53076,86780,288086,48378,,198109
2797,2012-05-29,407424,321702,54832,84448,310816,51355,,217274
2798,2012-05-30,384906,265081,50266,80256,269171,47368,,195824
2799,2012-05-31,364709,248092,47063,74674,276463,42866,,181384
2800,2012-06-01,337401,243030,42882,67848,265694,41361,,174417
2801,2012-06-02,296422,224430,36105,58696,224309,34414,,149701
2802,2012-06-03,298805,225675,36061,61060,218903,33735,,146425
2803,2012-06-04,347547,268127,46047,73509,239766,38585,,174364
2804,2012-06-05,338086,262145,43755,67918,219553,37891,,171444
2805,2012-06-06,341423,264783,44132,68351,222234,39015,,174176
2806,2012-06-07,355401,274310,46524,72192,237546,40117,,182669
2807,2012-06-08,365182,300518,48073,75634,250532,41696,,188859
2808,2012-06-09,354204,309068,45381,73484,259850,40869,,182733
2809,2012-06-10,360195,315370,46284,75385,276504,44373,,191179
2810,2012-06-11,390466,362915,52359,81324,287272,48506,,209179
2811,2012-06-12,403709,306822,54390,85848,273539,48907,,216467
2812,2012-06-13,370693,269599,47220,75670,269634,42746,,183215
2813,2012-06-14,369931,288500,47807,74560,251021,42757,,185164
2814,2012-06-15,388676,331703,52299,82213,250118,45297,,202929
2815,2012-06-16,372553,332298,51074,84397,228157,41971,,194217
2816,2012-06-17,348888,306140,47278,78835,219109,41420,,177628
2817,2012-06-18,408990,381936,57883,90139,231300,48576,,212460
2818,2012-06-19,439177,417666,61397,93909,283776,53895,,239248
2819,2012-06-20,449353,417460,62418,96173,328537,57045,,249663
2820,2012-06-21,448974,366484,62697,97662,343945,58276,,250671
2821,2012-06-22,414188,326089,57494,90736,327090,52221,,221283
2822,2012-06-23,373767,298967,49004,80204,283935,43746,,183315
2823,2012-06-24,375049,304645,50176,82859,281679,42720,,177071
2824,2012-06-25,400222,298840,54661,88410,294028,44459,,194045
2825,2012-06-26,366329,298340,47943,75476,246990,40820,,186282
2826,2012-06-27,387424,340311,52631,81733,262323,44728,,201789
2827,2012-06-28,438076,422896,63557,96328,298856,52761,,239435
2828,2012-06-29,434873,381527,61278,98712,349753,61977,,255675
2829,2012-06-30,308451,345255,46169,84601,268271,48117,,200924
2830,2012-07-01,337046,333760,49789,85521,301040,52150,,208007
2831,2012-07-02,375138,402398,55389,91215,320089,54711,,227990
2832,2012-07-03,412817,427706,60748,98747,329256,52511,,220306
2833,2012-07-04,411737,414322,59326,96264,326169,50353,,221452
2834,2012-07-05,426997,450464,62875,104248,359104,54602,,225275
2835,2012-07-06,448719,473597,65202,104259,360680,59097,,249244
2836,2012-07-07,457658,412406,64675,105139,362700,57643,,246578
2837,2012-07-08,424262,311997,58427,99053,365090,53650,,209359
2838,2012-07-09,419990,349616,58406,93266,327685,51473,,215807
2839,2012-07-10,419099,338492,59456,92084,302151,49316,,215982
2840,2012-07-11,410295,342421,58288,93578,294173,49896,,213180
2841,2012-07-12,417362,361763,59843,93448,292924,53131,,225383
2842,2012-07-13,402538,369476,57906,88810,287695,48514,,226972
2843,2012-07-14,383032,339215,51609,80540,284883,44048,,192079
2844,2012-07-15,388982,349701,52003,81525,304769,46438,,204474
2845,2012-07-16,448179,425099,64608,99125,335529,54568,,247654
2846,2012-07-17,465588,459461,69231,106251,351269,57484,,266811
2847,2012-07-18,455588,432668,63946,98049,362516,56430,,263240
2848,2012-07-19,419970,370678,56416,88200,353376,50545,,228440
2849,2012-07-20,392081,339431,52600,83929,315787,46127,,198923
2850,2012-07-21,367477,322793,45607,75871,257907,38268,,180865
2851,2012-07-22,381362,326036,50323,82290,262591,42558,,199134
2852,2012-07-23,443610,418715,63449,99268,316230,51048,,246421
2853,2012-07-24,432083,383868,59814,96628,322176,52446,,246095
2854,2012-07-25,427781,402919,60306,99355,304038,46819,,220482
2855,2012-07-26,465302,398580,64313,105391,344248,54827,,247063
2856,2012-07-27,432354,346887,59611,94750,351651,51461,,229060
2857,2012-07-28,381848,310477,47537,76516,317063,42506,,187622
2858,2012-07-29,369168,291705,47003,77066,301730,42602,,181323
2859,2012-07-30,421710,377822,56979,89408,313930,50067,,217833
2860,2012-07-31,431202,383755,58870,92190,309175,52315,,231966
2861,2012-08-01,425574,371160,60642,95938,302094,52059,,230333
2862,2012-08-02,435798,381035,59768,96183,320339,51753,,224885
2863,2012-08-03,439459,397719,61527,92325,323384,53669,,241641
2864,2012-08-04,415259,362835,54743,92147,323952,53281,,229378
2865,2012-08-05,387001,300876,50870,88446,324270,47927,,203820
2866,2012-08-06,406444,330884,53564,87861,320684,50241,,211619
2867,2012-08-07,415692,362267,56231,90058,307588,49751,,214630
2868,2012-08-08,432516,356991,61606,98369,309306,51981,,226098
2869,2012-08-09,418741,306289,57447,91763,322931,52812,,212521
2870,2012-08-10,379556,278981,49204,77718,308876,47373,,192691
2871,2012-08-11,326214,249929,39648,65198,283631,37389,,157015
2872,2012-08-12,325045,236616,39150,67059,269764,37648,,158634
2873,2012-08-13,377122,271279,48790,77807,301178,45421,,193664
2874,2012-08-14,385604,289721,50133,78589,314968,45940,,193478
2875,2012-08-15,384689,316913,51938,82787,298737,45526,,197772
2876,2012-08-16,397527,305506,53090,85670,294461,46768,,206387
2877,2012-08-17,379519,275128,50204,80651,301523,44246,,198494
2878,2012-08-18,339440,246861,41518,69327,273337,38417,,163573
2879,2012-08-19,321137,239614,39987,67984,234270,37410,,153835
2880,2012-08-20,362825,276825,47007,73970,254655,42159,,182751
2881,2012-08-21,364659,283545,48718,75540,265362,40457,,184473
2882,2012-08-22,371456,297639,49822,77750,273158,41928,,190258
2883,2012-08-23,389562,335560,52622,81874,284529,44451,,200594
2884,2012-08-24,398562,364897,54726,85896,271737,46600,,211098
2885,2012-08-25,374731,346417,51627,84729,248778,44641,,201677
2886,2012-08-26,365582,291504,50540,84400,256295,42761,,193688
2887,2012-08-27,405636,337582,55871,89714,296800,49447,,206877
2888,2012-08-28,403725,334697,54688,87727,311491,48888,,210355
2889,2012-08-29,389110,336050,52581,84618,293821,44275,,195036
2890,2012-08-30,392493,357743,52874,84118,294090,44499,,196465
2891,2012-08-31,413163,374651,56287,89908,315440,48139,,216086
2892,2012-09-01,378961,292410,51451,86960,299503,48011,,197738
2893,2012-09-02,359924,286928,46294,79314,280782,43618,,177375
2894,2012-09-03,361890,320673,44956,73579,280725,45967,,191849
2895,2012-09-04,408442,378329,56077,87843,310324,51294,,212407
2896,2012-09-05,411919,339944,55904,89561,319309,51648,,215096
2897,2012-09-06,418198,346995,55761,84913,295895,53699,,222527
2898,2012-09-07,401190,306352,54381,88629,295702,52102,,208899
2899,2012-09-08,328747,240990,40628,69339,281045,40251,,166016
2900,2012-09-09,296081,224453,36684,61814,233765,34077,,147891
2901,2012-09-10,334965,264461,44281,69275,233547,37073,,173635
2902,2012-09-11,338626,285164,45633,70077,229777,38914,,178697
2903,2012-09-12,353622,311448,47549,73238,234050,40434,,186506
2904,2012-09-13,364808,280653,49494,79390,241390,42779,,194857
2905,2012-09-14,346520,260904,43815,70531,250510,42012,,180924
2906,2012-09-15,304751,238919,37040,59303,223505,34827,,151872
2907,2012-09-16,294859,226299,36247,59778,207428,33165,,146132
2908,2012-09-17,336844,268172,44735,68360,231709,37318,,173634
2909,2012-09-18,342194,250916,44514,67930,253868,39217,,176450
2910,2012-09-19,323343,250311,41997,63166,225555,36824,,167183
2911,2012-09-20,328265,253834,43062,64124,223777,37090,,170906
2912,2012-09-21,328112,246005,41781,63677,233926,38444,,170610
2913,2012-09-22,300951,219544,36360,58942,237019,34553,,150143
2914,2012-09-23,285285,207549,35033,54889,209464,31727,,143083
2915,2012-09-24,326830,244628,42010,61980,213191,35984,,168755
2916,2012-09-25,332801,256229,42759,63835,217595,37543,,173302
2917,2012-09-26,340827,256980,43994,66718,239649,38500,,175330
2918,2012-09-27,341480,249474,43863,68279,256098,39198,,169837
2919,2012-09-28,327136,247252,42050,64570,248155,37301,,166133
2920,2012-09-29,292060,223502,37501,58947,205804,33590,,146120
2921,2012-09-30,282205,209807,35333,56354,201064,32214,,140809
2922,2012-10-01,322281,244300,42336,62503,215069,35687,,166832
2923,2012-10-02,338564,252363,43996,65550,238409,37837,,171957
2924,2012-10-03,338029,258240,43929,66376,266560,39106,,174580
2925,2012-10-04,335106,258434,44352,67282,260229,38306,,173969
2926,2012-10-05,328754,246155,42881,66251,238951,37833,,169664
2927,2012-10-06,294810,227133,37076,56239,216701,33231,,149365
2928,2012-10-07,297146,213954,36706,56571,195384,32845,,149019
2929,2012-10-08,350987,249193,44550,66389,215729,36877,,175162
2930,2012-10-09,348859,253019,44694,65428,220594,37814,,176204
2931,2012-10-10,345248,254111,44332,65751,213277,38453,,174768
2932,2012-10-11,351742,256401,45599,68137,213103,38594,,176662
2933,2012-10-12,336554,249015,43430,63932,215917,38288,,171474
2934,2012-10-13,314374,230773,39148,59004,206235,34906,,155391
2935,2012-10-14,295293,218123,35905,56492,204370,33099,,144341
2936,2012-10-15,321390,245137,42765,62799,218394,37766,,168371
2937,2012-10-16,342060,253669,44296,64499,214256,38148,,174184
2938,2012-10-17,341283,254829,43667,65115,217454,38507,,174673
2939,2012-10-18,332722,251306,42791,64113,219810,37792,,173073
2940,2012-10-19,333990,250825,43212,64590,221321,37760,,172118
2941,2012-10-20,307747,225369,38708,60328,197937,33496,,154632
2942,2012-10-21,299816,213515,36750,58624,198269,32784,,147021
2943,2012-10-22,340815,250520,43149,65525,219066,36921,,174644
2944,2012-10-23,335121,257372,43737,66857,218913,37085,,175636
2945,2012-10-24,334822,263975,44335,68739,221968,37651,,177282
2946,2012-10-25,337275,265421,43889,67443,222367,39085,,177020
2947,2012-10-26,326953,248836,42686,63969,218573,37830,,171324
2948,2012-10-27,307369,230349,39493,60552,200968,33584,,156202
2949,2012-10-28,315353,221472,39334,59700,200082,34345,,155955
2950,2012-10-29,386675,255233,48140,70450,224684,39352,,185631
2951,2012-10-30,391285,263822,50296,73078,245087,39106,,181155
2952,2012-10-31,380142,261640,48748,72348,240691,40214,,184294
2953,2012-11-01,368514,261186,46292,70711,238327,40301,,186299
2954,2012-11-02,361613,256894,45134,67625,242273,40110,,186025
2955,2012-11-03,341276,236605,42003,67181,236312,36701,,167900
2956,2012-11-04,317519,216692,39432,61532,222130,34610,,159740
2957,2012-11-05,380709,262993,48179,71947,252353,39315,,189711
2958,2012-11-06,389451,270797,48330,72076,269082,39508,,186054
2959,2012-11-07,375925,266857,46815,69809,263672,40670,,188317
2960,2012-11-08,383778,264043,47916,70185,256359,40920,,187744
2961,2012-11-09,371994,258999,46299,68811,249516,40027,,179899
2962,2012-11-10,323602,231521,39141,59510,228606,34972,,153997
2963,2012-11-11,304520,218644,36309,55696,213435,34342,,144246
2964,2012-11-12,344318,263400,45089,66660,218867,37135,,173521
2965,2012-11-13,381687,274277,49684,73094,233925,40075,,189941
2966,2012-11-14,401156,271901,50551,75198,266482,41053,,191474
2967,2012-11-15,395532,269838,49619,74585,264558,41169,,190630
2968,2012-11-16,385484,262765,48154,72594,252084,40331,,184006
2969,2012-11-17,352671,239250,43283,66330,247233,36998,,166758
2970,2012-11-18,337465,227478,40696,64151,233309,35946,,160421
2971,2012-11-19,370195,257305,46971,70018,245116,39157,,184288
2972,2012-11-20,363880,258749,45996,68570,246468,38540,,183849
2973,2012-11-21,358339,257683,44303,65957,250845,38143,,176792
2974,2012-11-22,313929,208729,36327,57144,236033,33941,,144138
2975,2012-11-23,324005,234811,38955,58677,234443,35942,,152679
2976,2012-11-24,355873,245565,44201,68131,243160,37833,,167356
2977,2012-11-25,361412,238952,43420,68334,269133,37024,,166523
2978,2012-11-26,384874,277827,48158,71491,261999,39778,,189797
2979,2012-11-27,392741,287320,50540,74024,265003,41950,,196373
2980,2012-11-28,404543,280375,51807,77198,272857,41273,,197293
2981,2012-11-29,411535,274035,50839,77565,287145,41339,,195510
2982,2012-11-30,390456,263378,47515,72394,274432,39852,,188316
2983,2012-12-01,346220,243398,40678,64368,252437,35442,,167663
2984,2012-12-02,325971,223368,38697,62587,242495,34914,,159623
2985,2012-12-03,343012,261226,43344,67642,223673,38112,,178809
2986,2012-12-04,351766,258855,44128,67310,225401,38499,,182076
2987,2012-12-05,364053,274313,47519,71134,227835,39803,,194419
2988,2012-12-06,381318,279321,49637,74793,269109,41562,,196799
2989,2012-12-07,375023,270776,46184,69960,257647,39640,,188531
2990,2012-12-08,339147,252677,41311,63612,218506,35589,,169400
2991,2012-12-09,342205,247434,40696,62755,219748,35616,,167982
2992,2012-12-10,368063,283687,48341,72169,228547,38578,,189861
2993,2012-12-11,402076,288663,52773,79576,235394,40637,,201880
2994,2012-12-12,412053,286237,52722,80622,265803,42104,,201751
2995,2012-12-13,411827,281355,52397,79762,271354,42429,,200511
2996,2012-12-14,400658,275164,49626,76251,280250,41077,,193985
2997,2012-12-15,360867,256946,44158,68876,262206,38421,,178450
2998,2012-12-16,326763,239534,39631,62385,235418,36354,,159138
2999,2012-12-17,365970,274931,47289,70768,237526,38377,,185280
3000,2012-12-18,383787,284681,49782,74720,233859,39509,,193085
3001,2012-12-19,383997,282755,49503,74737,254808,40548,,192787
3002,2012-12-20,397210,285580,49944,75218,264718,41424,,196514
3003,2012-12-21,424814,291995,54214,83089,264946,41291,,199284
3004,2012-12-22,390677,270319,47386,75106,274467,39830,,182524
3005,2012-12-23,370740,256475,44591,69761,271715,38144,,173832
3006,2012-12-24,350003,257142,44601,68107,269986,37768,,171202
3007,2012-12-25,324420,243665,42562,67270,235969,35023,,159181
3008,2012-12-26,384150,277426,48021,77565,275418,40393,,187294
3009,2012-12-27,404809,280508,48822,79105,276443,41436,,191913
3010,2012-12-28,395700,277047,48590,77808,284435,40480,,190192
3011,2012-12-29,383560,261886,46760,74547,270559,39444,,179252
3012,2012-12-30,386875,257970,46601,73651,273843,39783,,177433
3013,2012-12-31,397458,262625,47448,75553,297982,40769,,180540
3014,2013-01-01,363262,254325,44577,70931,257275,38318,,169861
3015,2013-01-02,419942,293024,54276,80503,281523,43320,,205432
3016,2013-01-03,434550,298284,56095,82671,302457,44038,,213705
3017,2013-01-04,429182,297474,53336,78331,303536,43548,,205338
3018,2013-01-05,393119,270802,48723,74279,276465,39977,,185442
3019,2013-01-06,365944,255196,46002,71059,255372,38030,,176332
3020,2013-01-07,406619,290148,52063,78426,271650,42183,,199370
3021,2013-01-08,416355,284851,51970,77282,287733,42094,,201535
3022,2013-01-09,390290,277831,49448,72812,264062,41865,,194680
3023,2013-01-10,391757,283053,51467,77549,247376,41186,,197573
3024,2013-01-11,364472,268467,46187,69081,263657,39599,,188371
3025,2013-01-12,318520,243864,40328,62217,228762,34343,,161409
3026,2013-01-13,306726,255349,37847,60686,219004,32354,,155473
3027,2013-01-14,380527,298622,52269,79047,227661,36377,,195690
3028,2013-01-15,411886,297887,54302,82651,267424,40123,,203696
3029,2013-01-16,409066,296079,52468,80466,275917,41096,,201288
3030,2013-01-17,407377,288596,51566,78207,275591,41125,,200285
3031,2013-01-18,411633,290470,52765,79523,294901,41595,,202403
3032,2013-01-19,371518,254287,44635,68373,278251,36966,,172507
3033,2013-01-20,360539,264303,44344,68070,243399,36266,,172366
3034,2013-01-21,434383,310091,56753,83726,271589,44102,,207679
3035,2013-01-22,487307,325680,62185,93374,329530,47840,,225840
3036,2013-01-23,487904,321098,61060,92474,358218,48374,,225784
3037,2013-01-24,471922,318512,58973,89699,354864,47501,,219003
3038,2013-01-25,477192,306561,57311,88632,382137,46929,,219317
3039,2013-01-26,417962,276200,50295,79601,333859,42011,,194635
3040,2013-01-27,404600,265639,48862,78061,307394,40378,,186603
3041,2013-01-28,400002,274489,50337,75426,303983,42287,,199678
3042,2013-01-29,357323,268736,46058,68637,242390,40208,,188463
3043,2013-01-30,349748,279206,45831,68928,224849,39097,,182211
3044,2013-01-31,424211,311167,55632,82998,242539,42955,,208803
3045,2013-02-01,469025,322046,60323,91456,310459,45628,,218572
3046,2013-02-02,449944,289514,54193,83443,330045,43161,,200605
3047,2013-02-03,408051,275813,49876,79420,295209,41418,,187629
3048,2013-02-04,444966,298750,56340,86301,313157,45138,,212262
3049,2013-02-05,416292,302124,53485,80303,280263,43749,,208959
3050,2013-02-06,403179,290166,51743,79314,269672,43438,,205631
3051,2013-02-07,404904,290907,49851,74856,291371,43749,,202992
3052,2013-02-08,400350,292541,50297,75245,281831,42788,,204116
3053,2013-02-09,380579,264745,47047,73048,278966,39793,,186539
3054,2013-02-10,367357,251381,44219,69861,283691,38181,,175978
3055,2013-02-11,370255,285545,48284,70751,258527,38431,,192138
3056,2013-02-12,385518,291718,49797,73404,238896,40152,,202176
3057,2013-02-13,403105,282301,51833,78678,261325,41520,,203052
3058,2013-02-14,400992,280796,50950,76601,271090,41494,,202038
3059,2013-02-15,401980,280982,50970,75566,261932,40251,,197382
3060,2013-02-16,397677,274648,51013,77388,275586,39239,,184615
3061,2013-02-17,416326,263157,49180,76299,315945,40722,,184465
3062,2013-02-18,427541,278811,51880,77033,321165,44123,,204712
3063,2013-02-19,412456,306007,53394,79499,287665,42357,,207477
3064,2013-02-20,439951,308418,57431,84413,288022,45911,,218120
3065,2013-02-21,436705,304025,56087,83976,305468,45385,,215938
3066,2013-02-22,408064,295105,53251,79104,302698,44100,,208074
3067,2013-02-23,354538,265197,44284,69164,270914,38345,,179298
3068,2013-02-24,355542,248964,44310,69456,241708,38813,,176030
3069,2013-02-25,402502,275373,51071,76697,286692,41432,,196180
3070,2013-02-26,412731,290598,51757,75847,297114,42275,,204232
3071,2013-02-27,400125,286451,51457,77424,247350,41483,,199856
3072,2013-02-28,417539,285144,52612,80411,261842,42513,,203040
3073,2013-03-01,408394,288555,50855,77514,274177,42581,,201878
3074,2013-03-02,394594,263087,48459,76308,277077,39904,,186409
3075,2013-03-03,395618,252254,45855,74911,281687,39143,,182262
3076,2013-03-04,415563,286779,51401,79763,294231,42967,,201916
3077,2013-03-05,409147,288327,52324,78460,284584,42580,,202955
3078,2013-03-06,420041,286004,52481,82583,296059,41537,,197929
3079,2013-03-07,412578,278328,51031,79421,276719,41735,,196471
3080,2013-03-08,393997,275516,48974,75800,277469,41627,,194910
3081,2013-03-09,354526,255051,43038,68763,247219,37002,,171168
3082,2013-03-10,301095,228252,36710,58561,232565,32607,,146501
3083,2013-03-11,348759,270452,45781,68923,238862,37300,,178937
3084,2013-03-12,376621,283456,50621,75207,226324,39111,,195743
3085,2013-03-13,410067,285976,53491,79741,251025,40936,,200667
3086,2013-03-14,411511,283578,52244,79293,275192,41844,,200034
3087,2013-03-15,382922,275986,48856,72886,264255,39993,,193649
3088,2013-03-16,331986,256085,42632,63916,225056,35963,,178143
3089,2013-03-17,344635,244358,44132,68889,249219,35390,,171752
3090,2013-03-18,402737,283062,50831,75885,293828,41007,,201896
3091,2013-03-19,393494,292471,51480,75341,258037,40831,,204109
3092,2013-03-20,400996,295286,52723,78265,254351,42334,,204611
3093,2013-03-21,430029,286179,54593,81833,283097,43408,,210034
3094,2013-03-22,410401,273227,50918,77209,286790,42246,,200674
3095,2013-03-23,357112,243675,43505,67771,255381,37496,,177145
3096,2013-03-24,367541,240072,45259,70600,269895,36833,,174311
3097,2013-03-25,417754,275015,51745,79070,294120,40456,,197929
3098,2013-03-26,412198,269731,50761,77713,277157,40350,,195743
3099,2013-03-27,403019,266742,50318,76373,268938,40562,,193911
3100,2013-03-28,387508,259515,48180,72328,266755,40265,,189553
3101,2013-03-29,352293,238748,42967,66985,248398,37586,,167659
3102,2013-03-30,320078,223816,39001,60813,228410,35551,,155462
3103,2013-03-31,300953,207384,36350,57232,221879,34207,,147191
3104,2013-04-01,353598,254921,45847,66572,223243,38682,,179755
3105,2013-04-02,383181,264851,49053,71807,241687,40291,,193960
3106,2013-04-03,382510,263547,48657,72699,252903,40705,,190411
3107,2013-04-04,385421,259716,47440,70925,264172,40500,,189449
3108,2013-04-05,356663,252853,44929,68140,244040,38043,,181987
3109,2013-04-06,322797,233522,39722,61515,221926,34862,,165779
3110,2013-04-07,291060,209673,35845,57416,217041,32653,,149295
3111,2013-04-08,326736,246208,42033,64554,217878,36136,,174330
3112,2013-04-09,331590,254552,43526,66426,235033,37627,,173266
3113,2013-04-10,339852,265569,44832,71155,260528,39450,,177098
3114,2013-04-11,341479,267564,43664,68630,261777,38096,,181645
3115,2013-04-12,333904,263819,43891,64113,238786,36865,,181076
3116,2013-04-13,309871,238331,40072,60035,201535,33019,,166143
3117,2013-04-14,298470,220414,37428,56418,197484,31756,,155997
3118,2013-04-15,321429,245926,42149,62348,211648,35256,,171834
3119,2013-04-16,329073,248051,43179,64398,219540,36371,,173385
3120,2013-04-17,327367,262555,43507,65781,233468,36916,,172337
3121,2013-04-18,335486,262592,45031,68902,232740,39506,,175546
3122,2013-04-19,324408,266001,43479,64439,234883,37377,,171950
3123,2013-04-20,313458,236483,40751,60930,195442,33186,,161258
3124,2013-04-21,306827,221142,38263,58881,199864,32510,,154137
3125,2013-04-22,336424,245166,43450,65542,230560,36007,,174949
3126,2013-04-23,330946,250645,42688,64024,225758,36546,,174628
3127,2013-04-24,334736,254159,43456,65300,223919,37008,,176231
3128,2013-04-25,340479,252692,44912,67960,211788,36996,,181844
3129,2013-04-26,331895,246951,43228,64716,213539,36209,,176373
3130,2013-04-27,295837,215514,37236,57898,199220,32712,,152202
3131,2013-04-28,288356,204708,35157,55746,196347,31126,,147366
3132,2013-04-29,326249,240792,41989,63608,215017,35125,,172051
3133,2013-04-30,332773,257811,43523,66401,213070,35940,,173956
3134,2013-05-01,337100,276800,44868,70041,212654,36516,,177931
3135,2013-05-02,335923,245935,43972,69755,212729,36782,,176512
3136,2013-05-03,329682,246172,42915,68020,211441,35676,,171903
3137,2013-05-04,299171,219296,36325,59829,201407,32431,,146799
3138,2013-05-05,286032,205197,34158,56689,200191,31167,,141404
3139,2013-05-06,327517,240397,41790,65022,216171,36085,,168576
3140,2013-05-07,331784,249341,42638,65613,219430,36940,,174438
3141,2013-05-08,330750,255092,43194,66865,216935,37396,,174713
3142,2013-05-09,336174,252397,44135,68909,223349,38108,,176400
3143,2013-05-10,328212,242443,42824,65816,239094,37823,,173551
3144,2013-05-11,291930,218387,36580,57809,230203,32797,,149182
3145,2013-05-12,281628,204442,35459,54725,203199,30663,,145168
3146,2013-05-13,329824,241217,42766,64101,212032,36247,,173107
3147,2013-05-14,339122,263882,43830,66745,219161,37398,,174621
3148,2013-05-15,350254,286948,47755,76140,235917,38958,,180149
3149,2013-05-16,351812,274483,47565,74555,260709,40780,,180715
3150,2013-05-17,344806,253876,45975,72010,254551,39907,,174075
3151,2013-05-18,313983,238431,40954,66205,212652,36389,,157583
3152,2013-05-19,314210,251891,41120,68464,217135,36181,,161205
3153,2013-05-20,377957,324740,52921,83878,251091,44585,,208576
3154,2013-05-21,392858,313711,53660,84096,266838,49715,,220544
3155,2013-05-22,376707,287865,50291,78512,284966,48057,,212686
3156,2013-05-23,350424,247684,45056,70866,266126,42380,,186264
3157,2013-05-24,317099,239958,40716,62509,218987,36069,,168050
3158,2013-05-25,286213,214540,34434,55969,197807,32541,,146762
3159,2013-05-26,274511,202830,32792,54839,195171,31737,,136936
3160,2013-05-27,282161,204077,34611,60326,204357,31927,,138825
3161,2013-05-28,352690,257630,48365,78256,245674,37496,,178329
3162,2013-05-29,389686,291483,53053,84546,286032,44180,,205795
3163,2013-05-30,404685,321664,55418,89359,299740,48113,,220618
3164,2013-05-31,396086,296302,52264,82530,301961,49525,,215721
3165,2013-06-01,358136,260556,43904,73993,295144,46727,30445,186860
3166,2013-06-02,322070,214859,40379,70106,279267,43068,29403,167193
3167,2013-06-03,343795,243979,43325,70269,271886,40206,29710,172295
3168,2013-06-04,343827,251615,43948,68635,248924,37904,29478,169315
3169,2013-06-05,351905,253989,46780,73600,245836,41455,30962,172866
3170,2013-06-06,351130,248546,45443,74039,241571,41802,31228,174801
3171,2013-06-07,330500,245139,43304,70666,250114,38391,30239,168587
3172,2013-06-08,307471,224588,37663,64598,244188,33987,29615,152605
3173,2013-06-09,318112,225256,39374,67119,255880,36909,28746,154058
3174,2013-06-10,359229,280259,47497,74550,276649,43551,30831,187378
3175,2013-06-11,370959,304773,50997,81136,283146,42202,33364,192840
3176,2013-06-12,405410,312095,57383,91713,304980,46489,37442,202480
3177,2013-06-13,371972,280235,50845,85647,299987,43040,36304,187217
3178,2013-06-14,348521,266447,46699,75773,241338,38638,31120,177818
3179,2013-06-15,320607,247974,41698,72349,244204,36178,32010,162148
3180,2013-06-16,320230,274935,40489,70030,260034,36385,31108,163472
3181,2013-06-17,389057,326096,53461,84596,292940,44008,34695,203698
3182,2013-06-18,373844,270353,54137,82776,270306,42721,32884,194509
3183,2013-06-19,360337,269623,48820,78352,251936,40510,33549,182671
3184,2013-06-20,370778,304564,50742,81687,256012,41527,34311,189626
3185,2013-06-21,386191,311828,53562,85356,255785,44379,35323,203592
3186,2013-06-22,375137,286670,50791,84339,260731,45054,35910,205184
3187,2013-06-23,375791,296172,49402,79981,273699,48139,35183,210604
3188,2013-06-24,415797,326664,56582,88050,313265,53846,35797,239563
3189,2013-06-25,424584,324931,60807,94154,327582,53783,37749,235016
3190,2013-06-26,406688,319675,57095,88535,321823,49518,36232,219840
3191,2013-06-27,394207,349945,55508,84934,296437,47573,35463,213526
3192,2013-06-28,392103,325309,52972,85729,309452,44593,36116,202184
3193,2013-06-29,339198,254492,41500,69483,286199,40393,32989,172941
3194,2013-06-30,329658,237071,40321,68080,284865,41780,31692,166437
3195,2013-07-01,357682,266261,44562,73795,291962,45046,31995,184041
3196,2013-07-02,361548,257449,48447,77583,287457,48232,32191,193015
3197,2013-07-03,371120,256597,49999,79766,294498,51379,31713,208851
3198,2013-07-04,333450,245172,40613,64780,299305,46803,28286,180098
3199,2013-07-05,346948,293762,43228,68345,318958,48443,29204,186648
3200,2013-07-06,352238,292746,42464,67440,319641,49571,28837,187703
3201,2013-07-07,339081,308609,41884,67774,314326,45308,31709,180582
3202,2013-07-08,392510,357297,54763,85665,312260,48839,37071,214868
3203,2013-07-09,419169,369580,60117,93542,313188,48442,39589,224561
3204,2013-07-10,411994,375182,58604,93765,321930,47294,37123,221704
3205,2013-07-11,379948,317167,51827,83678,301248,43325,35154,201067
3206,2013-07-12,368333,309399,48873,77049,264576,41063,32858,195718
3207,2013-07-13,357547,299491,47083,76749,275784,42080,31466,191148
3208,2013-07-14,383395,321607,51700,84596,303008,48210,35416,207739
3209,2013-07-15,449508,385724,64389,98129,336371,56419,39383,250991
3210,2013-07-16,459310,414934,65433,99929,352220,56072,41210,257126
3211,2013-07-17,465108,432147,66877,102130,352337,55361,40985,262721
3212,2013-07-18,469009,441206,66965,103622,362829,58986,41370,268560
3213,2013-07-19,458517,443268,65264,99350,367540,58518,40170,266845
3214,2013-07-20,397608,360722,52263,88509,341557,48142,39330,207791
3215,2013-07-21,370693,318747,48025,80638,317613,45720,35809,197159
3216,2013-07-22,400869,365846,54479,84927,324233,47597,34872,204829
3217,2013-07-23,412438,332969,57525,88095,328040,47134,37261,214185
3218,2013-07-24,373846,279637,48731,76676,317158,42041,33269,189332
3219,2013-07-25,361742,286634,46740,73361,275294,40259,32954,183334
3220,2013-07-26,363781,279735,48185,75756,275371,41806,33032,189785
3221,2013-07-27,331705,232689,41213,68150,267381,37681,31007,166450
3222,2013-07-28,308938,211096,36527,61241,275568,37338,29225,152410
3223,2013-07-29,347501,260815,45376,71797,285428,40241,31440,176604
3224,2013-07-30,363298,268620,47793,74163,280459,41041,31204,185177
3225,2013-07-31,359082,278758,47922,75780,271561,42369,30664,193565
3226,2013-08-01,376940,288762,50239,80574,278679,44864,33197,198745
3227,2013-08-02,360631,303230,48645,77590,290374,42503,33034,183256
3228,2013-08-03,333533,277639,45010,73625,267921,39398,33673,173549
3229,2013-08-04,316946,245133,40285,67567,257582,35928,32260,156424
3230,2013-08-05,353852,269694,47624,74599,263152,40228,32765,177930
3231,2013-08-06,375740,310735,50536,80250,253124,42536,34427,189583
3232,2013-08-07,391655,357733,55759,87300,287106,44488,35208,200232
3233,2013-08-08,395820,310963,56516,89841,308727,48938,36653,213574
3234,2013-08-09,389990,307324,52804,85533,333797,47801,36379,202344
3235,2013-08-10,359166,289729,48811,80526,298350,41576,34687,175288
3236,2013-08-11,347698,264727,47688,81531,281013,41097,35707,171721
3237,2013-08-12,397201,323760,55180,87610,317702,48301,35762,201049
3238,2013-08-13,376618,283282,51702,82941,317973,45963,34156,192069
3239,2013-08-14,335083,266389,43866,69291,260459,38181,29729,175744
3240,2013-08-15,334734,266921,43962,68544,238271,38630,29675,177548
3241,2013-08-16,338127,280483,44669,70555,238236,39747,30781,178040
3242,2013-08-17,313327,265133,41074,68676,230600,37195,30939,163295
3243,2013-08-18,305123,261195,41633,70784,231170,36322,30483,160642
3244,2013-08-19,369563,315212,51834,83093,242442,42505,34266,199055
3245,2013-08-20,388603,346304,53756,86393,277910,43690,35019,208615
3246,2013-08-21,389375,370187,54856,88372,300436,46252,34151,219341
3247,2013-08-22,389293,328342,52992,88203,309602,47912,36233,219117
3248,2013-08-23,384609,310011,53093,85177,273227,45681,35694,212154
3249,2013-08-24,341794,292107,45436,78839,245138,39962,34481,176722
3250,2013-08-25,336099,311562,45868,77838,240427,40130,33446,177258
3251,2013-08-26,393008,377106,56430,89490,265003,47525,36191,220591
3252,2013-08-27,411495,415628,60185,95949,295762,49223,37553,227566
3253,2013-08-28,424870,385552,63863,100271,289787,48542,39781,223624
3254,2013-08-29,417449,368003,58108,95889,293100,50155,39666,230608
3255,2013-08-30,411917,379446,57660,92092,289553,50707,38550,227049
3256,2013-08-31,368219,292658,50377,85240,288740,47472,36616,203651
3257,2013-09-01,346066,290758,46301,75925,293318,43251,33579,186190
3258,2013-09-02,352541,267805,46333,82163,302339,45155,35068,178731
3259,2013-09-03,356212,276241,46392,75184,302666,41876,33210,177125
3260,2013-09-04,351674,293803,48397,76070,272595,40456,31626,186412
3261,2013-09-05,360979,294011,49874,81462,278578,41160,32518,187769
3262,2013-09-06,344103,300104,45912,75560,253302,38020,33018,178581
3263,2013-09-07,327081,306561,42853,73579,233065,35119,32693,166987
3264,2013-09-08,335826,285537,46958,81777,261358,38453,34712,166662
3265,2013-09-09,395840,372696,57118,94666,273584,43377,37814,190836
3266,2013-09-10,440731,419034,64712,100798,307033,52312,37390,243012
3267,2013-09-11,424010,387452,63116,97923,321773,52718,34744,249265
3268,2013-09-12,391291,331002,54335,88785,313506,47223,32478,210500
3269,2013-09-13,331630,259454,42231,68383,272331,39003,28881,173399
3270,2013-09-14,286542,227411,36148,58689,214696,33643,25795,151259
3271,2013-09-15,281616,216151,35229,58604,213194,33237,26607,145623
3272,2013-09-16,328145,245834,43328,68536,237425,38831,28356,174024
3273,2013-09-17,329805,251227,43583,68112,224415,37612,28941,174263
3274,2013-09-18,333542,271977,46097,71166,220417,38788,26946,175340
3275,2013-09-19,347345,311227,48723,76620,228215,41197,28767,184077
3276,2013-09-20,364116,294667,51780,81775,235767,42758,32003,196947
3277,2013-09-21,312108,230015,41009,67232,222663,37569,28324,165201
3278,2013-09-22,279446,211737,35312,58392,217421,33109,25983,145447
3279,2013-09-23,321569,246083,42353,64988,215721,35786,27596,170329
3280,2013-09-24,326566,252611,43352,65729,219979,36230,28674,174293
3281,2013-09-25,325844,255771,43388,67353,220617,36999,27734,175489
3282,2013-09-26,333702,260924,44527,68035,227405,37128,28896,174681
3283,2013-09-27,326889,265137,43886,68713,219200,37165,28369,170945
3284,2013-09-28,296057,248252,39367,63665,203245,34129,27421,154330
3285,2013-09-29,283176,225105,35739,59733,203724,34231,14447,148207
3286,2013-09-30,327689,254069,43765,68152,221223,38555,28129,175079
3287,2013-10-01,331370,273094,45181,71139,233570,39278,29448,179285
3288,2013-10-02,344320,279964,47404,73065,248232,41458,30284,184336
3289,2013-10-03,348325,284027,48439,77291,252107,41977,30941,188618
3290,2013-10-04,352622,285486,48772,78179,263184,42637,28945,190679
3291,2013-10-05,322263,267393,42712,71749,260234,39365,27424,170785
3292,2013-10-06,309901,221877,38447,64882,260432,39924,25054,166746
3293,2013-10-07,318009,245696,41995,63435,256402,38165,23559,171481
3294,2013-10-08,317874,256533,43082,63733,216276,36510,23947,173200
3295,2013-10-09,318019,256009,43781,63839,217665,36876,24489,170740
3296,2013-10-10,320116,257076,43581,64292,223016,36896,26085,172560
3297,2013-10-11,315417,257372,43140,65356,218182,36333,27032,171520
3298,2013-10-12,286859,231811,38820,62028,206017,34054,26236,154730
3299,2013-10-13,278229,208037,35966,59991,205047,33838,26177,149695
3300,2013-10-14,317710,241603,42669,65386,217630,37259,27344,171472
3301,2013-10-15,324478,254157,44169,67786,219144,37520,27507,174613
3302,2013-10-16,323874,250395,44087,67317,222728,38045,27084,175194
3303,2013-10-17,323751,251233,43734,64947,229895,37206,27426,173768
3304,2013-10-18,317472,253678,43367,63825,216970,36451,28050,171927
3305,2013-10-19,299176,228255,39088,59891,201738,33818,28838,158529
3306,2013-10-20,292455,216746,37594,59285,199700,33481,30357,152697
3307,2013-10-21,334330,248877,44225,65555,221203,37219,30971,175308
3308,2013-10-22,338494,264365,44786,65856,216316,36795,30317,179601
3309,2013-10-23,353309,264668,47083,70110,218058,37616,33107,185541
3310,2013-10-24,368800,264859,48291,72436,234114,38800,36350,187434
3311,2013-10-25,365153,262585,47641,70546,242137,39130,36628,183331
3312,2013-10-26,342503,234424,43782,66696,234335,35952,36997,168648
3313,2013-10-27,306404,221671,39566,61420,213066,34872,30803,158109
3314,2013-10-28,344865,255222,47028,68826,229320,38842,29817,181678
3315,2013-10-29,340422,257911,47540,68135,222014,38419,28057,180461
3316,2013-10-30,333731,256499,46405,67295,221026,38744,27655,178648
3317,2013-10-31,326306,258380,45182,66819,218961,38906,26975,176506
3318,2013-11-01,314687,255905,43342,64299,220251,36322,25999,171323
3319,2013-11-02,299547,234588,39935,60286,200678,34081,27758,158301
3320,2013-11-03,312845,215819,37164,58446,201467,32932,30093,147027
3321,2013-11-04,361652,256014,46555,67712,246850,39196,33198,183393
3322,2013-11-05,349727,257819,45681,66402,244138,38901,30210,178230
3323,2013-11-06,336999,262006,45829,67093,226027,38738,28432,176354
3324,2013-11-07,346156,268709,46389,67983,221614,38607,31273,179546
3325,2013-11-08,366031,266661,47299,69690,241872,39377,35193,184358
3326,2013-11-09,336032,234391,41681,62998,244158,36128,33892,167537
3327,2013-11-10,315602,223022,40060,60717,219751,35524,31721,160995
3328,2013-11-11,366949,265367,49255,70903,238710,38668,35615,190783
3329,2013-11-12,392000,281745,52310,74892,261119,41067,39397,199467
3330,2013-11-13,407355,285833,53140,77723,290072,42512,43390,200132
3331,2013-11-14,393566,276406,50958,74001,280368,41643,40799,194756
3332,2013-11-15,369067,266336,48659,70254,255371,39309,36551,184466
3333,2013-11-16,314995,243623,42156,62326,219751,34765,30289,163924
3334,2013-11-17,296606,222557,37888,59090,208521,34016,27526,153523
3335,2013-11-18,336301,262606,46333,66691,216313,37558,30847,184437
3336,2013-11-19,372293,272567,50247,73267,240699,39574,37452,194013
3337,2013-11-20,376675,273051,50728,74077,262241,40622,36692,196614
3338,2013-11-21,364518,265814,48569,70347,254879,39987,33528,193646
3339,2013-11-22,342541,269601,47041,69252,232397,38629,30498,188214
3340,2013-11-23,347747,267102,47345,71215,222256,37489,37184,185855
3341,2013-11-24,391545,265461,49656,77358,296832,40059,46655,192542
3342,2013-11-25,422671,295480,56095,82667,325001,43936,45486,213308
3343,2013-11-26,403070,290963,53644,79971,290685,42452,43115,203959
3344,2013-11-27,413185,294244,54461,81864,275310,42680,47063,203825
3345,2013-11-28,371285,247836,45566,72732,286703,39458,45915,174446
3346,2013-11-29,362394,255127,44719,72314,290846,40084,41935,174970
3347,2013-11-30,359790,244037,43459,68874,286531,38939,39923,175777
3348,2013-12-01,352035,237998,41926,65874,273246,37622,37403,172602
3349,2013-12-02,376665,275140,48943,71104,271632,39517,35744,195948
3350,2013-12-03,371681,275996,48911,71885,260959,39782,33681,195650
3351,2013-12-04,350948,268579,46915,70963,244467,39806,30088,191019
3352,2013-12-05,349081,285745,47087,70956,228611,39282,30829,188013
3353,2013-12-06,381364,302646,53485,81250,227530,41338,43138,203927
3354,2013-12-07,379511,290085,49880,77960,253538,39404,46875,194054
3355,2013-12-08,393335,280364,50537,80600,302649,41095,46262,193473
3356,2013-12-09,408317,308590,55102,83388,301378,42835,44203,212054
3357,2013-12-10,426587,326182,57025,85287,301150,44198,47534,217752
3358,2013-12-11,438170,319808,58210,87470,314536,45021,48385,223358
3359,2013-12-12,449879,330539,60440,90561,322887,46473,49972,227122
3360,2013-12-13,431063,307428,56265,84824,316856,44629,47030,217626
3361,2013-12-14,395358,282948,50451,77093,286740,41132,40227,199075
3362,2013-12-15,392651,281991,50120,78343,261413,41488,45901,195358
3363,2013-12-16,430996,316005,57173,83298,294787,45669,44126,221556
3364,2013-12-17,421554,311598,56122,83270,289646,44208,42283,218873
3365,2013-12-18,421611,306209,55409,82869,292851,44864,43618,216802
3366,2013-12-19,400389,293739,51973,77387,287265,42828,39291,206599
3367,2013-12-20,366555,290168,47544,71440,249971,40217,33784,196170
3368,2013-12-21,322143,271489,40619,65077,217053,36313,28595,173917
3369,2013-12-22,305811,262780,38973,61478,208906,35098,27938,167072
3370,2013-12-23,356238,298672,48003,74383,221923,38754,38746,189697
3371,2013-12-24,382060,298046,50585,79411,265042,39257,44044,188280
3372,2013-12-25,375836,266624,47648,74852,300275,39038,43764,179961
3373,2013-12-26,378383,287911,47896,74472,305389,41015,39411,189902
3374,2013-12-27,379850,276495,46414,74369,292533,40641,42453,189449
3375,2013-12-28,356517,251382,42205,68201,268290,37261,40221,171687
3376,2013-12-29,336210,256872,41918,67364,241718,36934,36355,169973
3377,2013-12-30,385816,303641,49914,78520,263194,42023,44477,198721
3378,2013-12-31,397091,298518,50269,78308,276266,42377,45412,196103
3379,2014-01-01,372302,273926,45809,71176,279604,40246,41370,183371
3380,2014-01-02,425658,303458,55469,82068,293945,43581,47002,212292
3381,2014-01-03,475042,321343,60752,92564,344089,46327,57407,223641
3382,2014-01-04,433614,293595,53484,82469,339445,42207,49899,202937
3383,2014-01-05,379906,287618,47234,74535,278658,39475,39893,185042
3384,2014-01-06,460269,342541,65215,102756,281775,45750,66262,224847
3385,2014-01-07,535660,350049,68388,107961,418626,51524,71693,246751
3386,2014-01-08,483463,335400,61879,94934,382477,48881,57702,233522
3387,2014-01-09,435548,328712,57516,86004,321073,44740,45522,220187
3388,2014-01-10,402684,302778,52364,78448,303533,41786,38684,206174
3389,2014-01-11,355443,271319,45523,69844,251335,37235,34459,180771
3390,2014-01-12,355702,258333,45583,71135,240093,38165,38405,180719
3391,2014-01-13,395789,277831,50565,75216,269820,41414,39051,198238
3392,2014-01-14,378674,295737,50196,73312,255791,40783,36837,196061
3393,2014-01-15,411567,305477,55507,82869,272727,42863,45547,210177
3394,2014-01-16,436764,306736,58287,88139,298307,44050,50977,216371
3395,2014-01-17,420704,312251,56438,86081,295439,42505,49861,207976
3396,2014-01-18,433049,295697,55221,85944,291716,41948,51881,204165
3397,2014-01-19,391691,275339,49435,76939,290237,40963,43005,192143
3398,2014-01-20,406270,288332,53160,77739,269781,43517,40493,208246
3399,2014-01-21,453466,320069,60283,89561,315072,46257,51150,227707
3400,2014-01-22,507154,331205,66508,102262,401452,49567,63727,239233
3401,2014-01-23,506324,338879,66450,101456,396005,49376,63327,234465
3402,2014-01-24,528058,338727,67041,102147,407949,50046,67794,238883
3403,2014-01-25,464792,293479,57998,88319,373825,45243,55147,212500
3404,2014-01-26,436790,287127,55328,84969,325182,44622,49244,209011
3405,2014-01-27,455700,335466,62598,93613,296679,46347,51250,227395
3406,2014-01-28,525861,345355,69127,106424,394770,50549,66571,243001
3407,2014-01-29,524931,331952,65890,101743,401733,50498,65702,243294
3408,2014-01-30,503694,318619,61346,93822,388906,48534,58801,230169
3409,2014-01-31,429725,303571,54525,81009,328883,43624,45726,211173
3410,2014-02-01,377661,280130,47142,71779,285896,38366,35691,189601
3411,2014-02-02,362157,270092,47268,72726,243617,38141,38047,185684
3412,2014-02-03,417573,309106,55098,82524,275316,43231,47616,212185
3413,2014-02-04,438750,313782,58626,87641,308033,44513,49137,224098
3414,2014-02-05,427050,309027,57007,85538,301939,44463,48709,220099
3415,2014-02-06,449436,322839,58606,88667,313954,45253,51165,225215
3416,2014-02-07,457320,326987,62804,94352,303856,45477,55412,233705
3417,2014-02-08,430908,299050,56360,87329,303939,43239,50885,213871
3418,2014-02-09,401049,278876,51417,80809,301992,42068,46981,199769
3419,2014-02-10,451888,318030,60936,90877,320725,46670,52126,224455
3420,2014-02-11,472805,323241,64039,96847,348136,47367,56293,230752
3421,2014-02-12,479723,318867,62456,93939,371015,47494,53898,228151
3422,2014-02-13,445593,304536,57491,85409,330503,45993,46048,217512
3423,2014-02-14,419265,302636,55521,81877,288142,44116,43470,214373
3424,2014-02-15,407781,284217,51462,80558,290521,41396,48889,200799
3425,2014-02-16,408856,266351,50027,78940,299226,42200,45331,204035
3426,2014-02-17,441817,299242,58197,87147,313560,45718,46202,225187
3427,2014-02-18,398303,286617,52131,77336,284703,43373,38399,211851
3428,2014-02-19,371974,275952,48843,73426,255796,42109,31705,198628
3429,2014-02-20,382384,284343,49793,73863,249910,42586,32873,206041
3430,2014-02-21,364921,288138,48616,71820,237232,40057,33320,198298
3431,2014-02-22,349374,267132,43598,67848,236464,37043,35244,182381
3432,2014-02-23,344695,260827,44358,70581,229164,36997,34937,177816
3433,2014-02-24,406288,299306,54955,81295,251607,43368,43172,217067
3434,2014-02-25,429633,304934,56696,83391,301143,44893,43390,222542
3435,2014-02-26,443258,324029,59284,87757,309126,45739,48010,228202
3436,2014-02-27,459755,321341,60735,89423,312425,47539,50993,230366
3437,2014-02-28,451549,315222,58615,87099,342546,46901,47748,228126
3438,2014-03-01,385351,279410,46759,72628,301115,40286,36139,195896
3439,2014-03-02,375874,280435,48902,76544,251173,40361,38858,196207
3440,2014-03-03,452784,313644,60181,89484,330413,46254,54141,227316
3441,2014-03-04,462781,305985,58874,86846,370813,45808,53640,226035
3442,2014-03-05,429042,304211,56127,82756,322639,44789,45080,220264
3443,2014-03-06,420138,297250,54454,80311,324223,44368,43260,215956
3444,2014-03-07,391334,283291,49678,73098,315520,41012,37878,198863
3445,2014-03-08,352544,260226,43118,66730,260511,37151,34533,183030
3446,2014-03-09,324810,239842,40945,64485,218703,35898,32443,172747
3447,2014-03-10,368792,262519,48195,71515,255317,40249,35454,191848
3448,2014-03-11,331209,266477,45476,67751,230216,38284,30714,186999
3449,2014-03-12,369585,281543,50306,73040,227711,40518,33423,200222
3450,2014-03-13,423624,292977,55000,81521,294282,45428,42605,215987
3451,2014-03-14,381518,271163,48810,72698,286267,41411,37208,195698
3452,2014-03-15,318762,247960,40511,62891,217575,36200,29802,174522
3453,2014-03-16,359235,256730,46222,71171,241662,38205,38225,186293
3454,2014-03-17,416613,284612,53232,79574,325381,42918,44712,209510
3455,2014-03-18,388417,274319,48996,73496,313159,40880,37386,199380
3456,2014-03-19,366539,273316,48655,71743,282924,40314,32311,194946
3457,2014-03-20,365504,268531,49356,71675,244354,40870,34037,199522
3458,2014-03-21,354959,261383,45462,66725,242596,40759,32568,195047
3459,2014-03-22,315601,241341,40316,60951,216022,35832,28898,174067
3460,2014-03-23,336336,242427,43144,65012,233971,36846,34037,177671
3461,2014-03-24,399394,275043,51660,76298,290184,42593,40275,205588
3462,2014-03-25,409380,281306,52595,77658,306322,41799,42792,206541
3463,2014-03-26,414591,280702,52710,79001,309830,43332,43219,208803
3464,2014-03-27,397808,275944,50657,76005,293941,42055,38651,203959
3465,2014-03-28,343892,264470,44831,66304,241410,38476,29597,185447
3466,2014-03-29,334129,246786,44354,67962,208675,35722,32902,177569
3467,2014-03-30,342863,229231,41658,65591,234960,37166,34823,169334
3468,2014-03-31,358102,250355,45474,68480,245573,40448,33526,185514
3469,2014-04-01,334777,257032,43296,64878,229929,38445,28148,178030
3470,2014-04-02,326442,259426,43758,65173,222772,36397,27624,175690
3471,2014-04-03,339615,271580,45505,67858,213960,37471,27495,190106
3472,2014-04-04,330673,268059,44645,65939,214731,37635,27668,185080
3473,2014-04-05,312012,235559,41251,63170,199198,35201,30695,171088
3474,2014-04-06,308456,218344,38865,61178,212128,34524,30537,159553
3475,2014-04-07,339729,250969,45925,68062,238991,38029,29469,186589
3476,2014-04-08,333652,250945,45091,66954,220472,38129,30299,184235
3477,2014-04-09,333073,249501,44369,66629,217194,38129,28674,180364
3478,2014-04-10,331928,246644,44143,66698,220743,38518,29993,179543
3479,2014-04-11,314550,243270,41832,63933,213938,37213,26062,173978
3480,2014-04-12,290602,222770,36887,59378,200437,33072,25926,156297
3481,2014-04-13,282458,210599,35268,58996,206149,32604,25512,146480
3482,2014-04-14,320644,251573,42688,65960,222691,37454,27416,171900
3483,2014-04-15,356190,265277,48520,70412,222400,37789,34145,190743
3484,2014-04-16,375034,261309,48995,72605,243007,39486,37246,193267
3485,2014-04-17,345977,250428,45232,67573,242209,37446,32053,180338
3486,2014-04-18,308670,229015,37898,61441,232803,34778,27227,159251
3487,2014-04-19,283732,216977,34570,56546,215063,32354,26047,148181
3488,2014-04-20,273665,200571,33780,54939,204268,31378,26002,140958
3489,2014-04-21,317157,240534,41835,63042,222157,36454,27668,168944
3490,2014-04-22,318220,239311,42413,63795,218292,36474,27532,172416
3491,2014-04-23,320833,246749,43010,64270,209843,36669,27025,180107
3492,2014-04-24,328325,248483,43237,64413,216673,37374,29209,177778
3493,2014-04-25,324499,241113,42315,63404,214643,36262,27042,175760
3494,2014-04-26,294452,215021,36889,58367,199909,32146,26645,155658
3495,2014-04-27,283362,210392,34617,56062,194225,31074,26538,149119
3496,2014-04-28,321132,245208,43036,64063,213840,34744,27492,177079
3497,2014-04-29,328455,243924,43807,64896,228964,36301,27879,176342
3498,2014-04-30,325500,243845,42772,63294,228669,36713,27644,173936
3499,2014-05-01,318236,250779,42613,62352,226902,34938,28277,174079
3500,2014-05-02,316697,245430,42592,62825,214102,35043,28046,173304
3501,2014-05-03,287704,216088,36402,58037,202248,31894,27359,154865
3502,2014-05-04,276496,200706,34451,56457,203247,31027,26815,146345
3503,2014-05-05,317289,237841,42200,63452,209812,35770,28941,173979
3504,2014-05-06,322812,241937,42606,64713,216400,35978,29746,175033
3505,2014-05-07,330744,243271,44286,70230,216135,35076,29573,175162
3506,2014-05-08,348423,267763,47593,75808,249312,38327,31446,181549
3507,2014-05-09,335795,268188,44997,71306,255288,40098,29016,182440
3508,2014-05-10,289888,222317,37969,62685,235999,34735,27145,153823
3509,2014-05-11,287142,221648,36966,63258,229785,32543,28454,146438
3510,2014-05-12,354507,285248,48876,79021,264454,38852,33735,184479
3511,2014-05-13,374419,265140,52129,82798,294295,43425,34237,201575
3512,2014-05-14,352328,241079,45731,73720,251617,45053,31277,185651
3513,2014-05-15,330611,246672,42717,65420,259061,40290,27944,179113
3514,2014-05-16,316438,249763,42382,63853,235727,34436,28569,172211
3515,2014-05-17,293949,221475,37492,59045,200349,31592,28128,157040
3516,2014-05-18,284276,208141,35635,57360,194789,31120,27598,147114
3517,2014-05-19,321645,243353,42896,64023,216263,36071,28771,172581
3518,2014-05-20,328154,276613,44603,67676,225496,35491,29445,177044
3519,2014-05-21,345111,305046,47557,74386,252481,38700,29361,187528
3520,2014-05-22,344849,267497,47041,75078,272838,40042,32302,181381
3521,2014-05-23,319406,247519,42535,69033,245252,35179,29512,169050
3522,2014-05-24,285100,217842,36466,62220,214648,32069,27848,149057
3523,2014-05-25,285653,217842,36922,62376,220303,32174,27228,145321
3524,2014-05-26,311649,253482,40165,69335,248575,35087,30735,156586
3525,2014-05-27,375042,309043,52942,85572,290821,42637,34482,204028
3526,2014-05-28,375231,272857,53657,86610,292358,42353,33874,202027
3527,2014-05-29,360032,266424,52143,83563,228657,41979,33893,187484
3528,2014-05-30,351306,271273,49505,80333,221464,40040,34211,183140
3529,2014-05-31,327805,265294,44249,73946,218310,36538,31723,167893
3530,2014-06-01,324430,280310,44106,75636,211843,36894,32145,165789
3531,2014-06-02,376891,326190,53590,84656,235465,43357,33718,208467
3532,2014-06-03,382189,312629,54923,87691,266394,46373,34574,215286
3533,2014-06-04,355220,268406,47750,79221,290375,42250,33775,183791
3534,2014-06-05,342385,261533,45993,75117,273728,38701,31457,179730
3535,2014-06-06,338688,271558,46143,73796,251492,37762,32065,179326
3536,2014-06-07,319343,257238,41957,69999,242888,36762,31103,165861
3537,2014-06-08,307548,222935,38155,65712,252043,36921,29224,152859
3538,2014-06-09,345482,259355,44952,70630,284622,38413,29600,180071
3539,2014-06-10,358392,254653,45948,73247,311077,39375,32112,186099
3540,2014-06-11,357441,256241,47113,74504,304458,42966,31015,196258
3541,2014-06-12,358953,273837,47263,74685,273286,43685,32347,199445
3542,2014-06-13,343944,257778,45575,73639,282436,42312,31260,186261
3543,2014-06-14,302916,239117,38130,63645,250384,33756,29014,155666
3544,2014-06-15,308063,247995,40320,69165,243118,35149,31722,156468
3545,2014-06-16,392385,339338,55774,89436,304650,44969,37731,214075
3546,2014-06-17,416703,375092,60047,94620,336452,49585,39357,237388
3547,2014-06-18,420609,343393,61200,97623,352819,51899,39490,233447
3548,2014-06-19,394764,297392,53746,91368,329912,45496,40467,206770
3549,2014-06-20,379396,319934,52657,84762,290271,44091,37949,193482
3550,2014-06-21,341666,276598,47076,80656,260862,38295,36204,172226
3551,2014-06-22,336617,269045,46729,80745,249815,38553,36467,168236
3552,2014-06-23,398137,306674,58025,93918,272583,46997,39640,213531
3553,2014-06-24,400728,336181,56923,90636,292499,50471,37544,220105
3554,2014-06-25,390560,302454,56249,87906,317037,46976,36810,209367
3555,2014-06-26,395361,285278,56299,88928,318666,45363,37697,206676
3556,2014-06-27,399495,318643,56013,90660,306162,47296,38108,211521
3557,2014-06-28,368493,329326,49799,82612,276477,46534,34910,210104
3558,2014-06-29,363386,317979,48862,81064,260074,44908,34958,207880
3559,2014-06-30,401050,355188,55730,91723,300254,50987,37741,236034
3560,2014-07-01,411475,312767,58033,98110,328975,53212,40895,243215
3561,2014-07-02,403658,274835,53055,88520,353845,53226,37679,231196
3562,2014-07-03,355236,259595,43638,73846,331318,47792,32515,189474
3563,2014-07-04,294359,233170,36454,61826,265933,36191,28745,148482
3564,2014-07-05,292951,236557,37787,64546,237816,34848,29442,151960
3565,2014-07-06,307680,273358,38810,68408,254028,35534,32435,158843
3566,2014-07-07,383488,359936,50877,85888,313378,45423,37232,207250
3567,2014-07-08,393373,338982,53295,86230,338152,46563,37821,209444
3568,2014-07-09,379361,303032,52717,85223,311365,46386,36222,200988
3569,2014-07-10,375083,294455,51271,82986,283641,45719,35675,197544
3570,2014-07-11,377518,292172,51312,82803,285156,45529,36846,201386
3571,2014-07-12,365758,288242,48372,80315,291920,44261,36151,196228
3572,2014-07-13,372541,299199,50717,84156,307457,44529,38860,199548
3573,2014-07-14,397845,302565,55478,86068,337419,46577,37719,218435
3574,2014-07-15,365437,262107,48526,75808,322681,45034,33817,200735
3575,2014-07-16,336424,260830,45155,69998,277918,39982,30417,178580
3576,2014-07-17,337818,268939,46101,70176,273189,38981,30941,184972
3577,2014-07-18,333154,283017,45501,68932,271597,39887,28570,184723
3578,2014-07-19,309652,265895,40130,64471,251629,35872,28317,166351
3579,2014-07-20,318755,266032,41234,70019,260991,37217,32339,169579
3580,2014-07-21,394479,333547,54444,86065,282401,47326,37853,213151
3581,2014-07-22,422214,372473,59491,93900,302694,51961,40410,232906
3582,2014-07-23,400084,310986,54452,87651,330888,51636,38574,211096
3583,2014-07-24,359641,274012,47906,76366,292269,43325,33913,187351
3584,2014-07-25,347269,266761,46249,74032,273601,40278,32261,185086
3585,2014-07-26,345770,283287,45152,76818,277594,40635,34234,181232
3586,2014-07-27,337831,295919,45268,75365,278794,41030,33252,185822
3587,2014-07-28,345122,268815,47322,73728,302577,39284,32192,181765
3588,2014-07-29,330742,276712,45345,68362,258368,36247,29352,177352
3589,2014-07-30,337785,284034,46689,73698,253133,37186,31066,180767
3590,2014-07-31,354306,296335,49459,79737,274276,39729,33505,187772
3591,2014-08-01,359048,301181,50645,81031,258354,42752,34258,200393
3592,2014-08-02,322406,275100,44477,74570,236309,40121,33133,172460
3593,2014-08-03,320355,280619,42709,72955,253171,36823,32355,169184
3594,2014-08-04,378276,323153,52295,83557,282084,42903,35177,207032
3595,2014-08-05,381598,313465,53481,82795,296073,44354,35511,204413
3596,2014-08-06,376180,300639,52860,84496,293263,43865,36202,202749
3597,2014-08-07,370125,298850,49861,80456,284830,42377,35337,196885
3598,2014-08-08,357473,304870,49004,75962,267577,40802,32210,194331
3599,2014-08-09,338332,282218,45387,74286,251681,39294,33265,178729
3600,2014-08-10,341068,270818,47249,78887,258485,41480,34676,185991
3601,2014-08-11,378812,315930,55674,88354,269170,42316,35529,202526
3602,2014-08-12,374719,275774,50585,80309,280690,42703,34911,203949
3603,2014-08-13,349392,278646,47973,76270,287746,40145,31355,190398
3604,2014-08-14,345396,273989,48863,79206,265946,38402,32722,180229
3605,2014-08-15,337775,267938,45012,72203,259221,35902,32386,175810
3606,2014-08-16,312296,269889,38718,64462,258533,34005,31074,162658
3607,2014-08-17,332598,252395,41846,69887,266059,37460,30972,171019
3608,2014-08-18,382879,304687,54019,85758,282179,44467,34624,200468
3609,2014-08-19,398476,337615,58830,92298,287759,47436,37409,215876
3610,2014-08-20,401896,345231,59262,89798,293943,46943,36583,219186
3611,2014-08-21,387809,331701,54164,84770,301899,46075,37338,217686
3612,2014-08-22,393046,352797,55432,87530,291533,47243,39945,226042
3613,2014-08-23,379441,318035,53090,87612,256920,44569,39034,204555
3614,2014-08-24,361943,316024,51645,87210,243027,41801,38308,191185
3615,2014-08-25,403453,360480,60358,95235,257662,45083,39934,223871
3616,2014-08-26,398484,337505,61603,95211,270178,46506,39272,233795
3617,2014-08-27,405990,327173,60960,97701,283417,50679,38426,222256
3618,2014-08-28,388598,306026,55730,92823,300871,43558,38647,195182
3619,2014-08-29,375548,338669,54301,89351,273335,40062,38508,188992
3620,2014-08-30,367149,314373,49251,83013,270412,41847,34159,195178
3621,2014-08-31,346495,302682,45246,76167,300298,40952,32179,186048
3622,2014-09-01,363111,303632,48406,80422,320798,43854,36386,192051
3623,2014-09-02,394141,327620,54042,83780,344159,47501,36933,211627
3624,2014-09-03,392513,331309,55155,85797,321274,46019,36188,210042
3625,2014-09-04,402235,333764,57603,91327,310348,47974,37909,223245
3626,2014-09-05,420350,357988,61616,96759,318343,49545,38607,240963
3627,2014-09-06,357304,254183,45367,79459,317773,43605,36550,184283
3628,2014-09-07,309237,238242,39503,67248,264925,35587,29978,158617
3629,2014-09-08,342028,276877,47936,76038,249141,39975,32124,187315
3630,2014-09-09,358340,297481,50462,79638,254044,42549,34057,198090
3631,2014-09-10,369877,305878,51724,83394,268274,45846,34387,202650
3632,2014-09-11,354791,247105,48039,77572,292908,43788,33491,187623
3633,2014-09-12,320094,242156,42495,65376,263331,36843,28341,173186
3634,2014-09-13,291830,218602,36985,58847,232766,32020,26311,155989
3635,2014-09-14,276760,206742,35284,56935,213337,30497,25986,147871
3636,2014-09-15,321108,240439,42535,65118,232960,34094,27907,174433
3637,2014-09-16,325137,244775,42854,65154,248293,35115,25683,175833
3638,2014-09-17,322506,246498,43184,65639,239461,35331,25114,173087
3639,2014-09-18,325127,249338,43655,67156,237861,35661,25466,175843
3640,2014-09-19,321174,251890,43143,66270,233619,35853,25556,173005
3641,2014-09-20,306287,236496,40337,65289,228277,35093,26409,161964
3642,2014-09-21,303674,214896,39563,66960,242218,35171,26487,159696
3643,2014-09-22,317686,239366,42514,65004,244605,35287,24710,172024
3644,2014-09-23,323650,248991,43373,66248,216878,35628,25032,175864
3645,2014-09-24,324522,252724,44183,67948,218294,35782,26836,177938
3646,2014-09-25,332970,254563,44974,69833,224981,36577,28703,179382
3647,2014-09-26,331291,260553,45059,70932,229431,36616,29012,178174
3648,2014-09-27,300594,238821,39129,65578,215204,32550,29495,158824
3649,2014-09-28,291962,227928,38114,64866,214716,31119,29041,152449
3650,2014-09-29,338681,266362,47051,76182,224912,35603,31420,181240
3651,2014-09-30,330293,243952,44089,71141,232104,34723,30720,177900
3652,2014-10-01,324382,247344,43365,67445,232761,34513,29913,175576
3653,2014-10-02,335585,261568,45859,72993,232948,36143,31196,176891
3654,2014-10-03,326498,249564,44485,69925,228957,36081,28938,176977
3655,2014-10-04,289310,224018,37766,57659,213975,30602,25911,155171
3656,2014-10-05,290088,209643,36921,57377,195528,30515,28444,153248
3657,2014-10-06,324330,241440,43622,64616,215960,34917,28328,176040
3658,2014-10-07,326243,245184,44475,66256,219721,35179,28307,177922
3659,2014-10-08,315632,244251,43730,66298,232122,34958,26374,174884
3660,2014-10-09,324328,242629,44971,66175,222512,35216,27956,175883
3661,2014-10-10,320415,240992,43653,65485,220373,34832,27885,175687
3662,2014-10-11,290989,219218,37895,59689,208701,31275,27194,156316
3663,2014-10-12,286586,207513,37241,58801,200394,30907,26891,151022
3664,2014-10-13,324380,243625,44961,67744,226298,35271,28677,174267
3665,2014-10-14,331072,252399,44808,68340,245410,37344,28124,179490
3666,2014-10-15,322361,246593,43571,65969,245391,36169,27852,174194
3667,2014-10-16,324757,246228,43716,65765,221678,36028,28237,174018
3668,2014-10-17,319146,244764,42825,64896,219362,35567,28679,171092
3669,2014-10-18,294632,223019,38368,58083,203044,31964,27432,156786
3670,2014-10-19,291895,214497,37018,57037,199639,31868,27938,151814
3671,2014-10-20,339104,244440,44398,65399,223051,36052,30650,176287
3672,2014-10-21,337172,248213,45192,66558,218879,35993,30174,179973
3673,2014-10-22,345147,249680,46468,67552,221936,36727,30126,180902
3674,2014-10-23,338679,249449,45745,67106,222059,36392,30645,177454
3675,2014-10-24,336351,245232,44205,65270,217174,35771,30089,175485
3676,2014-10-25,304901,221546,37815,59611,207415,32426,28868,155208
3677,2014-10-26,286088,208103,35970,56771,200971,30895,26689,147853
3678,2014-10-27,333061,249755,44467,66498,222847,35712,29356,175886
3679,2014-10-28,326146,247912,44421,66367,225306,37077,28333,173672
3680,2014-10-29,323775,251532,44323,65054,220858,35614,28710,173954
3681,2014-10-30,342673,255403,45224,66412,217355,36111,31983,176583
3682,2014-10-31,352789,260880,46060,67721,224158,35354,34615,177413
3683,2014-11-01,342601,239844,44128,68085,226988,33457,39349,167225
3684,2014-11-02,346951,238430,43771,67016,246788,33841,39192,167213
3685,2014-11-03,360828,254504,46861,67797,247999,37014,35440,179136
3686,2014-11-04,341771,253996,45757,65960,228403,36032,32063,174935
3687,2014-11-05,331736,255072,45521,66418,221470,36174,29526,171923
3688,2014-11-06,339900,260352,46734,68592,222305,36865,32270,176225
3689,2014-11-07,357875,259526,47173,69696,229138,37690,35124,184645
3690,2014-11-08,344489,238960,42543,65530,239455,34599,35669,173660
3691,2014-11-09,317188,225968,39932,61480,222026,32953,31786,162536
3692,2014-11-10,351896,251816,45324,68471,240952,35519,33708,180603
3693,2014-11-11,344867,260510,45008,66845,233221,35606,30974,179014
3694,2014-11-12,361410,276970,49255,73671,221926,37258,38101,189529
3695,2014-11-13,392527,284802,52750,77916,249177,39745,43806,198142
3696,2014-11-14,409202,283447,52432,78521,275608,40297,46684,198668
3697,2014-11-15,389425,261508,48451,74758,281047,37211,46175,180475
3698,2014-11-16,363411,251747,45410,70254,264827,36529,39636,176958
3699,2014-11-17,402668,298899,53861,80407,253998,40447,45159,203975
3700,2014-11-18,459429,313206,59859,88455,297202,44064,53859,222155
3701,2014-11-19,448126,304766,58522,85262,328978,43956,48167,220136
3702,2014-11-20,413453,298991,56202,82481,285234,43141,42331,214471
3703,2014-11-21,423082,295833,55458,82721,298456,43249,45754,211012
3704,2014-11-22,388911,260752,46443,71928,296101,39874,37790,191792
3705,2014-11-23,340225,232674,39592,63393,256949,34865,32736,166357
3706,2014-11-24,338252,274441,46453,69263,226054,35600,31063,183332
3707,2014-11-25,368922,290814,51502,74711,224761,37083,37131,198790
3708,2014-11-26,384825,291310,52544,78562,268858,38801,39430,197492
3709,2014-11-27,348422,251557,44789,71019,262684,34623,41870,168512
3710,2014-11-28,365258,263394,46365,72052,283051,37490,42384,179078
3711,2014-11-29,351183,242276,42702,67046,281918,35948,37353,172907
3712,2014-11-30,312338,235178,37938,60523,243217,33043,29472,159643
3713,2014-12-01,356934,294339,49217,73129,231675,37347,33796,193469
3714,2014-12-02,397257,296376,54468,80688,268010,41202,38993,211076
3715,2014-12-03,382849,289951,52447,79205,264954,40687,37732,204998
3716,2014-12-04,403683,290955,54061,82726,270635,42061,42948,208645
3717,2014-12-05,382235,282250,50481,77553,268033,41069,34650,202450
3718,2014-12-06,351923,260008,45698,71678,244142,37371,33813,185954
3719,2014-12-07,357392,255548,45538,71435,261494,37281,37730,180587
3720,2014-12-08,405012,287915,51455,76838,301740,41587,39664,203643
3721,2014-12-09,397594,286885,51369,76977,301595,40914,39871,201535
3722,2014-12-10,410262,290333,53829,80607,281569,42218,41950,209915
3723,2014-12-11,418715,290938,54252,80936,298161,43179,42265,212233
3724,2014-12-12,414593,293061,53524,79866,289157,42631,44512,208906
3725,2014-12-13,381583,258932,46874,72713,282203,39285,40410,190882
3726,2014-12-14,357637,237240,43295,67405,271861,37349,37026,172125
3727,2014-12-15,377169,270718,49503,72758,273600,39071,37027,190840
3728,2014-12-16,381503,278563,50008,73919,278532,40070,36393,195403
3729,2014-12-17,395153,295295,54933,81219,260692,41746,41362,203493
3730,2014-12-18,416444,296743,55912,83609,287804,43409,45998,212719
3731,2014-12-19,411325,291176,54391,82620,293504,42229,44212,208677
3732,2014-12-20,391305,268006,48890,76912,303059,38950,44002,191444
3733,2014-12-21,368701,256473,46941,74590,280973,38260,43639,186354
3734,2014-12-22,392858,284038,51481,76792,301339,40678,38254,202868
3735,2014-12-23,358032,267266,46224,70177,277715,38069,33070,189724
3736,2014-12-24,305967,248561,39389,63420,242475,33830,29210,159851
3737,2014-12-25,304105,228597,40222,64573,211080,32887,33639,156059
3738,2014-12-26,334966,241573,42167,69101,255002,34793,36624,165082
3739,2014-12-27,317860,239790,39737,65514,248840,34297,32912,163878
3740,2014-12-28,320527,244392,41818,67809,224532,34769,35218,169097
3741,2014-12-29,371782,277354,48934,76349,258758,39451,41123,193746
3742,2014-12-30,396502,291708,49946,78340,287456,40761,43942,201798
3743,2014-12-31,407913,291545,50492,81278,316577,41975,47499,193840
3744,2015-01-01,383646,262435,47155,75500,292300,38454,44933,178913
3745,2015-01-02,372379,268974,46743,74778,270068,39718,37664,183581
3746,2015-01-03,352758,259154,44065,69162,263190,37712,33952,180462
3747,2015-01-04,327237,259917,42272,66035,230036,33359,33485,169349
3748,2015-01-05,427442,323007,59302,88320,263545,42181,48383,219534
3749,2015-01-06,446110,323664,59174,88696,317351,44975,47144,224325
3750,2015-01-07,482636,336467,63922,97978,356804,47535,57728,231479
3751,2015-01-08,524960,347474,67742,104645,413656,49453,65356,240450
3752,2015-01-09,468208,334501,62879,94650,346565,46845,52738,230641
3753,2015-01-10,464237,311711,58992,92057,344474,44813,56590,221375
3754,2015-01-11,421627,275033,51000,81596,338544,40672,47702,197463
3755,2015-01-12,415545,300766,54465,82540,297830,41932,41381,210557
3756,2015-01-13,438478,309572,58357,87170,309309,43970,48463,222394
3757,2015-01-14,453369,317152,61000,89111,349093,45895,47470,230448
3758,2015-01-15,439790,302676,56481,84025,322579,44232,46108,221414
3759,2015-01-16,418288,289906,53363,81184,302729,43011,43143,211233
3760,2015-01-17,384804,261634,47288,73417,295691,37999,40607,192662
3761,2015-01-18,356583,244148,44448,68811,271672,35693,36006,177406
3762,2015-01-19,389024,271845,50751,75032,276183,39847,39545,199111
3763,2015-01-20,393849,279713,50294,73785,286316,41488,35646,206619
3764,2015-01-21,385432,284499,50823,74643,297045,42548,34975,210337
3765,2015-01-22,406063,285968,53143,78894,301180,42517,42020,209905
3766,2015-01-23,407589,285163,52231,77249,307675,41524,43782,207646
3767,2015-01-24,384981,256204,47608,72963,289014,37876,42892,191224
3768,2015-01-25,368783,254330,46311,71316,272742,36908,40164,184435
3769,2015-01-26,422247,292487,56529,84285,295993,41802,45511,215422
3770,2015-01-27,445486,288050,57792,86457,334030,44521,45732,221702
3771,2015-01-28,448163,288853,58558,87540,332919,45086,46500,220043
3772,2015-01-29,427002,287608,54859,81266,336207,44757,40478,212555
3773,2015-01-30,423407,284024,55178,81488,303522,44433,43363,215624
3774,2015-01-31,414947,263467,51554,79252,336221,41865,45683,201411
3775,2015-02-01,377653,260439,46763,72058,302834,38681,39467,185703
3776,2015-02-02,419073,290301,56435,84379,282609,43131,47046,209488
3777,2015-02-03,443497,300461,58138,84551,331317,45852,44834,221391
3778,2015-02-04,409909,298779,53630,79496,301695,42497,39473,210410
3779,2015-02-05,437218,311309,58060,87181,307573,44762,45703,221506
3780,2015-02-06,454715,300328,58071,88845,355539,45525,50572,221272
3781,2015-02-07,372710,258505,46007,71574,290439,38270,38188,186622
3782,2015-02-08,334404,243863,41487,64730,244121,34815,32853,170193
3783,2015-02-09,380678,287996,53623,78309,257820,40549,36418,209778
3784,2015-02-10,423832,286975,56661,84085,323364,42828,45525,215748
3785,2015-02-11,419054,288628,54971,81999,314186,42995,44064,212870
3786,2015-02-12,434857,304916,56868,86011,319133,44083,47865,219898
3787,2015-02-13,465149,309726,57056,86032,371799,46312,49652,226281
3788,2015-02-14,429141,285663,52889,82253,338269,42516,48239,206742
3789,2015-02-15,472703,286129,55973,88773,403537,44619,57275,215776
3790,2015-02-16,507115,303974,63604,98134,432563,49128,58129,237907
3791,2015-02-17,479616,308510,62826,96063,376175,47011,56576,229543
3792,2015-02-18,489595,323774,61470,93773,364542,47433,59605,226220
3793,2015-02-19,533988,333517,66790,104043,419040,50238,70363,237747
3794,2015-02-20,529129,329372,64354,101594,450952,49921,69030,237101
3795,2015-02-21,449054,280150,53039,83530,405196,43854,49918,206338
3796,2015-02-22,393732,267843,50037,79472,293467,38915,45521,192447
3797,2015-02-23,454037,315666,59595,90917,332765,45302,52202,227403
3798,2015-02-24,488023,318695,63393,95709,391279,47391,55019,237327
3799,2015-02-25,438097,303114,56168,83425,346033,44586,47526,219381
3800,2015-02-26,443297,307429,58996,87150,332647,45409,46488,228166
3801,2015-02-27,457595,310432,59647,90410,332796,45881,53236,228166
3802,2015-02-28,431685,288649,53844,85433,345121,42059,49233,209068
3803,2015-03-01,397937,266376,48889,78504,345436,39542,41742,192762
3804,2015-03-02,407566,288911,54143,82130,302300,42400,42126,211204
3805,2015-03-03,417325,291477,54639,81762,325991,43519,38962,216265
3806,2015-03-04,393857,292824,53279,80770,272696,42218,36665,205820
3807,2015-03-05,435910,304425,57802,87044,311756,45373,51322,218132
3808,2015-03-06,457469,301431,58100,89866,368707,46062,55790,219694
3809,2015-03-07,395919,254250,48930,77179,327088,40563,45973,192076
3810,2015-03-08,329615,226708,40902,64904,241292,33776,36092,164485
3811,2015-03-09,361881,260981,47813,72292,248322,36723,35411,188354
3812,2015-03-10,366642,258599,48500,72307,251377,37995,33031,193744
3813,2015-03-11,348013,256986,46290,69399,232372,37762,29063,186828
3814,2015-03-12,355734,258270,47216,69671,237411,38676,30346,190410
3815,2015-03-13,356197,250109,46873,69958,258430,37489,31135,189042
3816,2015-03-14,321502,224105,39730,62747,233711,34415,30354,168144
3817,2015-03-15,308897,214450,38993,61634,218177,33475,30048,165443
3818,2015-03-16,339970,242757,44557,66785,243302,36615,30099,183144
3819,2015-03-17,337218,251520,44967,65932,224415,36765,28737,185709
3820,2015-03-18,367190,257050,48703,71665,252984,39061,34429,192219
3821,2015-03-19,371978,255972,47953,70970,261519,38539,35943,191946
3822,2015-03-20,364247,250523,47217,70686,275116,37937,34601,187488
3823,2015-03-21,316102,227408,40674,62352,244287,33529,30663,168388
3824,2015-03-22,312299,229226,40336,62149,222975,32499,29756,170012
3825,2015-03-23,363679,271642,50999,73579,253484,37875,32900,201164
3826,2015-03-24,363152,272036,51032,74788,263148,37342,33666,197687
3827,2015-03-25,344710,269318,46180,68482,258548,37470,30210,191041
3828,2015-03-26,343119,265146,47268,69998,227210,37052,30251,188461
3829,2015-03-27,366885,269324,50397,75331,237832,38398,37812,197864
3830,2015-03-28,374735,249088,47482,72826,271041,37897,40290,187071
3831,2015-03-29,361492,239327,44569,70187,279927,34540,39074,175594
3832,2015-03-30,349120,251356,45915,68798,254354,35056,30639,184574
3833,2015-03-31,344073,247663,44838,66650,234375,35518,30694,187622
3834,2015-04-01,340400,247863,45561,66313,227639,35569,27687,183187
3835,2015-04-02,336754,241968,43909,65912,231367,34480,28407,177354
3836,2015-04-03,304448,228643,38785,62097,212501,31363,26900,159795
3837,2015-04-04,297257,219944,38430,60274,197863,30431,28994,155733
3838,2015-04-05,294628,195570,35774,57921,208069,28645,29967,144963
3839,2015-04-06,328378,237298,43579,65151,216000,33233,28574,172917
3840,2015-04-07,331060,254818,43594,66343,214587,33542,26018,179795
3841,2015-04-08,326540,251970,43772,66287,218408,34676,24995,179218
3842,2015-04-09,329416,256526,43672,67197,232011,35128,25543,178246
3843,2015-04-10,314783,244004,41684,63775,229360,34479,26483,169985
3844,2015-04-11,289265,220902,37174,59060,200247,29637,26947,154386
3845,2015-04-12,286093,208697,35843,58142,201722,28856,27677,147755
3846,2015-04-13,319264,239590,43007,66289,220112,34134,25257,172653
3847,2015-04-14,314329,240743,42608,64029,221785,34147,24730,173766
3848,2015-04-15,318405,241981,43594,65026,215087,34361,25000,175979
3849,2015-04-16,321746,240220,43377,65267,216579,34477,24876,176158
3850,2015-04-17,315893,241871,42176,65561,221228,34392,26247,170155
3851,2015-04-18,287165,214198,37205,60016,213352,30543,26423,147739
3852,2015-04-19,278049,203705,35058,58349,200806,28516,25876,142953
3853,2015-04-20,314804,242361,42198,63535,228918,33549,27060,168847
3854,2015-04-21,318268,248704,43565,64253,218040,33748,28715,175016
3855,2015-04-22,330042,255162,44830,64830,215066,35420,28773,181172
3856,2015-04-23,335437,249008,45828,67085,214428,36628,30573,187507
3857,2015-04-24,329169,246622,44089,66287,218737,35273,30242,178873
3858,2015-04-25,305487,229176,39088,61307,219844,31221,27682,157235
3859,2015-04-26,291596,210239,36558,58944,215091,28706,27138,150759
3860,2015-04-27,329267,239747,43383,65686,223210,32283,29336,178663
3861,2015-04-28,327872,242139,43835,65640,221744,34116,28982,174874
3862,2015-04-29,320565,240123,43021,64980,219975,34614,28474,171681
3863,2015-04-30,318756,240226,42173,64457,216371,34181,28329,172875
3864,2015-05-01,317671,240469,41905,63345,216980,33897,28794,167728
3865,2015-05-02,288194,217790,36212,58635,203386,30942,26596,147393
3866,2015-05-03,279180,210259,34745,58462,205877,29990,26173,142563
3867,2015-05-04,322894,247177,43075,68769,232337,35883,28680,171932
3868,2015-05-05,337231,242157,46002,73509,244135,37684,29855,173863
3869,2015-05-06,342901,251397,47616,76356,244966,39705,29710,177195
3870,2015-05-07,352745,267192,50035,79434,241643,41648,31861,184575
3871,2015-05-08,360446,279079,50268,81179,244987,43015,32481,193829
3872,2015-05-09,331791,227301,44372,75623,234314,42058,32055,179909
3873,2015-05-10,323011,205185,42548,72990,243802,42307,32058,170993
3874,2015-05-11,368944,245281,51059,81548,263869,47792,32555,202036
3875,2015-05-12,339759,242403,44186,68806,284794,40459,29027,177863
3876,2015-05-13,318912,241756,42348,64806,238893,34242,27211,169027
3877,2015-05-14,318752,243970,42650,64925,217412,35207,27744,173561
3878,2015-05-15,325801,251777,45116,71226,223121,36777,30827,172608
3879,2015-05-16,312375,245223,41622,67837,243203,36213,29108,160439
3880,2015-05-17,320489,252335,42339,72490,256875,37511,30985,164569
3881,2015-05-18,369767,280177,50245,78333,296067,44780,31422,202846
3882,2015-05-19,342909,238898,44219,70639,300124,42555,29250,180620
3883,2015-05-20,319436,243196,42249,64157,252914,35991,28060,171694
3884,2015-05-21,316755,244553,42481,63655,218061,35971,27165,170985
3885,2015-05-22,313729,237452,42015,64204,217189,35390,27746,163066
3886,2015-05-23,281377,218697,36525,60457,202773,31861,27115,143232
3887,2015-05-24,286878,210757,37224,63566,215933,31953,27220,142510
3888,2015-05-25,308285,231565,38539,66485,246239,37747,29526,156602
3889,2015-05-26,364167,273656,50019,77775,279170,44076,30008,200773
3890,2015-05-27,366406,274002,51604,80881,300882,44317,28774,205740
3891,2015-05-28,366636,283996,52069,80236,295092,44252,28449,197794
3892,2015-05-29,371375,298128,53003,83233,286726,44048,32205,202808
3893,2015-05-30,346115,242709,48144,79034,278179,41993,33360,189487
3894,2015-05-31,315678,203438,38513,65806,285808,41100,30906,154368
3895,2015-06-01,324160,234024,41932,63204,306812,36136,27791,165152
3896,2015-06-02,320685,243206,42867,62766,255912,35804,27314,167780
3897,2015-06-03,322840,256334,44065,66366,223475,36799,25609,172274
3898,2015-06-04,348383,278839,48865,74729,222627,39333,30575,183516
3899,2015-06-05,363065,259996,50440,78631,223727,41449,32713,196280
3900,2015-06-06,318079,223535,41714,70229,235980,36163,31826,159944
3901,2015-06-07,319850,227371,42559,73023,234185,36784,33340,160682
3902,2015-06-08,368243,291465,50201,80886,271649,45029,32853,195485
3903,2015-06-09,353065,295266,47149,76560,290952,40985,31524,186069
3904,2015-06-10,377992,347231,53035,85449,284805,44785,33094,201881
3905,2015-06-11,405206,291874,58362,93478,315801,51451,35095,214287
3906,2015-06-12,399578,260137,56562,94114,333850,50911,36889,212213
3907,2015-06-13,368748,256712,52544,87855,315612,44996,36458,181693
3908,2015-06-14,365772,276378,51865,90281,314412,43753,37595,188185
3909,2015-06-15,415081,319887,59241,97921,339498,48715,39916,220126
3910,2015-06-16,410301,291220,58102,93305,351724,48534,38878,214703
3911,2015-06-17,376219,260279,52913,87108,310614,40832,35839,190227
3912,2015-06-18,400484,297209,56476,89825,318937,46123,35213,210313
3913,2015-06-19,373755,255802,50360,79642,318101,43448,33059,192394
3914,2015-06-20,341965,240948,45004,74250,311735,39090,31891,172504
3915,2015-06-21,355570,270865,47084,80390,319539,41959,35047,179071
3916,2015-06-22,406835,323485,58328,93288,341820,48592,38176,219226
3917,2015-06-23,420924,317289,60473,97823,357819,50077,40797,222425
3918,2015-06-24,391485,293729,52482,85477,317413,44017,37074,199051
3919,2015-06-25,377816,297197,50795,82828,301119,41554,34144,185923
3920,2015-06-26,374045,262342,49792,82961,277929,42647,35324,188452
3921,2015-06-27,319958,236385,38537,65299,257047,37639,30613,164352
3922,2015-06-28,299041,232443,37153,62517,252129,33172,29325,148924
3923,2015-06-29,328790,273988,41898,73358,266328,36659,31027,171412
3924,2015-06-30,343216,282298,44009,74080,300839,39431,32129,180160
3925,2015-07-01,339194,254988,45801,76277,297288,39065,31208,181126
3926,2015-07-02,331955,246096,44848,76496,274829,39463,30897,177254
3927,2015-07-03,302532,233276,39309,68156,256019,37862,27711,157322
3928,2015-07-04,301747,234469,38868,67988,258403,37412,28350,150801
3929,2015-07-05,308980,259479,40125,67611,265855,36863,29218,153911
3930,2015-07-06,372556,319264,52159,83821,299793,45080,34953,200880
3931,2015-07-07,384345,277507,54502,86940,321326,48358,35576,211480
3932,2015-07-08,354090,249102,47637,76560,323214,43674,32447,183875
3933,2015-07-09,367831,259018,51102,82582,338655,45389,33657,187100
3934,2015-07-10,365444,278990,48356,76050,328132,40774,34452,186327
3935,2015-07-11,337985,257485,44585,73011,276410,39620,32964,172951
3936,2015-07-12,327567,273839,44828,75927,271396,37629,34349,164238
3937,2015-07-13,369317,339556,50211,79013,284463,44636,36942,201698
3938,2015-07-14,374297,328178,54161,87575,306796,46222,36362,206664
3939,2015-07-15,358598,275317,51875,84196,309656,43811,31932,189092
3940,2015-07-16,360175,270022,50374,82779,281701,40451,33452,185677
3941,2015-07-17,389948,353109,56247,91997,287948,43611,37499,201844
3942,2015-07-18,390672,344855,53552,90614,300621,48743,40248,216696
3943,2015-07-19,379342,324198,50845,87550,325934,49652,39665,213613
3944,2015-07-20,410615,329633,58840,95207,357856,51385,39734,225494
3945,2015-07-21,408590,323409,58749,94152,343010,49661,37510,214845
3946,2015-07-22,380668,313873,51859,83547,310809,42432,34290,196979
3947,2015-07-23,381119,327297,53372,83844,292463,43691,33841,200849
3948,2015-07-24,387933,335890,54565,86602,293616,44218,35981,208251
3949,2015-07-25,372858,338839,50684,83070,282494,44092,35923,202012
3950,2015-07-26,372090,287483,50650,83868,292678,45775,37704,197543
3951,2015-07-27,413922,349353,58071,91171,313474,51526,40128,225789
3952,2015-07-28,430256,373669,62306,98735,320026,53746,39355,235553
3953,2015-07-29,435859,376590,63180,98829,324104,55938,39007,241320
3954,2015-07-30,419034,347334,58661,91230,336321,55024,39124,231281
3955,2015-07-31,393202,342370,55606,87979,317347,48805,36269,217982
3956,2015-08-01,352773,304470,47850,80563,296027,43646,35351,189086
3957,2015-08-02,352300,332405,48410,80826,287622,42623,34806,194091
3958,2015-08-03,389417,335544,53984,86257,315719,46147,37360,214061
3959,2015-08-04,390625,312459,53846,85830,337541,45321,36297,204772
3960,2015-08-05,392665,313008,54001,87239,330491,44398,34078,199150
3961,2015-08-06,360585,322621,47639,76596,300680,39720,32054,188095
3962,2015-08-07,360363,318643,48714,77920,268664,40026,31699,190258
3963,2015-08-08,353803,297233,46073,77825,263115,40332,33472,180025
3964,2015-08-09,354840,266666,46673,79177,267921,43662,35529,184535
3965,2015-08-10,396775,324880,56294,90262,273107,48633,37097,215129
3966,2015-08-11,391111,316921,55116,85823,299181,47685,37260,208607
3967,2015-08-12,364859,308043,51257,80411,289890,42767,32495,194827
3968,2015-08-13,368214,325353,51798,80748,280266,40785,32881,194996
3969,2015-08-14,380322,350237,53370,83605,279189,43700,33058,211219
3970,2015-08-15,362460,326174,47767,79932,272612,44388,34317,199111
3971,2015-08-16,366765,332914,49374,82987,284554,46380,35793,200226
3972,2015-08-17,404378,361759,56210,90118,320949,51455,34389,229004
3973,2015-08-18,398607,340193,57624,90574,310546,47730,33998,226869
3974,2015-08-19,413207,309217,58484,90738,311599,50735,33943,235852
3975,2015-08-20,383042,268276,51677,82336,317401,49343,31396,213492
3976,2015-08-21,355642,285040,47666,76885,295749,42222,30827,189045
3977,2015-08-22,327330,275876,42477,71178,267119,37739,31535,169189
3978,2015-08-23,334733,255534,44564,77044,261230,38586,34769,171678
3979,2015-08-24,370957,262719,48749,79408,305453,43795,34229,192700
3980,2015-08-25,340832,254530,44510,70662,297494,38013,28103,175742
3981,2015-08-26,328036,250831,44801,71138,271123,36237,27358,170405
3982,2015-08-27,338802,256696,46734,72960,264032,37163,29929,177141
3983,2015-08-28,347415,260768,47153,73742,268174,38781,31396,178519
3984,2015-08-29,331339,244705,45171,76188,262598,38554,33352,172185
3985,2015-08-30,344404,243478,47932,79953,267375,42604,33242,185296
3986,2015-08-31,397287,310247,56766,89933,290520,49193,35760,223238
3987,2015-09-01,409144,362147,58148,92365,311039,51056,34923,230415
3988,2015-09-02,413021,377664,57515,93817,312819,52242,35064,234505
3989,2015-09-03,412864,382597,60043,96027,313088,51069,37459,233275
3990,2015-09-04,393212,349698,56380,93822,310180,50695,37659,215426
3991,2015-09-05,347989,304652,48251,82966,279823,45708,37137,196048
3992,2015-09-06,349551,321429,49641,81563,259507,44238,35782,196538
3993,2015-09-07,365821,329792,52520,86871,284834,46626,34679,206301
3994,2015-09-08,410595,334313,60215,95282,312483,51639,35200,235462
3995,2015-09-09,392834,297083,54852,86480,329012,50632,32745,218169
3996,2015-09-10,370551,265660,52507,84133,300601,42840,33426,198347
3997,2015-09-11,349021,253956,46156,74387,275401,40912,31636,180639
3998,2015-09-12,295300,217215,37029,61279,247641,34577,26758,153584
3999,2015-09-13,275550,208072,35033,57787,224076,30971,25300,143281
4000,2015-09-14,321105,258232,43627,66509,229060,34721,27558,170021
4001,2015-09-15,338469,286035,46415,71319,241320,37142,27358,181621
4002,2015-09-16,349070,292737,48219,74596,250176,40032,27691,192042
4003,2015-09-17,355808,305652,49004,76561,258436,41166,30415,194268
4004,2015-09-18,355745,302191,48362,76344,261698,41835,31421,190399
4005,2015-09-19,322117,242503,42197,69545,260524,39549,30279,169023
4006,2015-09-20,292400,214804,36717,60472,246189,33476,27280,146844
4007,2015-09-21,327874,251274,44528,68661,239222,35614,28246,170866
4008,2015-09-22,336483,263018,46077,70919,234838,37417,28882,178677
4009,2015-09-23,339229,271405,47238,73511,237062,38177,28433,180491
4010,2015-09-24,344075,270037,47674,74622,233744,38635,28393,182106
4011,2015-09-25,327685,268703,45571,69994,228901,37551,27346,176543
4012,2015-09-26,296221,243996,39363,63037,211790,34268,26459,156016
4013,2015-09-27,292866,231253,39394,65118,217117,32889,27939,151781
4014,2015-09-28,350537,280355,49932,78651,254694,37655,31167,186342
4015,2015-09-29,348887,262592,49365,76474,268041,39201,30337,187858
4016,2015-09-30,325358,240683,44352,67985,266692,36598,28103,172798
4017,2015-10-01,309191,238927,42942,63584,223190,34354,26985,166924
4018,2015-10-02,308247,238049,42532,62711,216704,33616,27452,166005
4019,2015-10-03,292600,216988,38621,60723,213999,31188,28664,154836
4020,2015-10-04,276425,207337,36831,59110,207600,30236,26211,144127
4021,2015-10-05,318235,238969,45264,68512,214522,33552,26734,167580
4022,2015-10-06,323695,245572,45999,69252,217787,34485,26320,171515
4023,2015-10-07,323417,249726,46670,71418,223257,35062,26548,171380
4024,2015-10-08,326357,253507,46455,70700,228850,35365,27047,173594
4025,2015-10-09,320635,242351,44757,68357,235609,35213,25769,170716
4026,2015-10-10,282078,216129,37730,58930,203688,31049,25147,147705
4027,2015-10-11,277148,210075,36266,57391,198322,29708,26042,143663
4028,2015-10-12,319238,241919,44576,66709,219439,33918,28149,168715
4029,2015-10-13,316841,238218,44201,65775,227497,35399,26781,171298
4030,2015-10-14,312394,239100,43678,64793,221929,34868,25216,171857
4031,2015-10-15,321694,241957,44152,65830,217282,34778,25836,172971
4032,2015-10-16,313952,238471,42698,64003,216057,33346,25218,169235
4033,2015-10-17,303443,220945,39180,60421,208137,31569,28613,157756
4034,2015-10-18,307963,210857,38782,61240,222713,31377,30499,155583
4035,2015-10-19,344333,242264,45372,66356,245335,34724,31388,176965
4036,2015-10-20,332812,243959,44356,65005,236784,34522,26947,173052
4037,2015-10-21,322393,247842,44134,65886,226909,34248,26330,172268
4038,2015-10-22,321571,242696,44745,67473,224406,34321,26595,169476
4039,2015-10-23,312426,241175,42454,66518,216751,33245,27281,168404
4040,2015-10-24,284185,223860,37879,61443,202731,30959,25887,153401
4041,2015-10-25,273661,205168,35430,56085,202874,29469,25435,144515
4042,2015-10-26,318263,239293,43791,64495,218289,33556,27977,170894
4043,2015-10-27,333055,244874,45305,65312,230381,34726,27185,175478
4044,2015-10-28,326314,248489,44761,66510,226705,34995,25208,175346
4045,2015-10-29,319717,255195,44474,65584,222643,33836,26006,173800
4046,2015-10-30,329503,244693,44446,65804,213525,34413,30836,173202
4047,2015-10-31,306814,225877,38725,60930,212393,31843,30137,156857
4048,2015-11-01,291351,217930,36689,59749,211373,31885,27503,152695
4049,2015-11-02,318224,242544,42871,64551,218213,33661,26691,168966
4050,2015-11-03,321753,246013,43898,65919,222268,34382,28421,169307
4051,2015-11-04,316421,249346,43822,66674,221715,35090,27190,169282
4052,2015-11-05,323041,252442,44151,67755,226275,35515,26567,171341
4053,2015-11-06,315243,242449,42505,66062,232696,35184,26605,167095
4054,2015-11-07,289800,222961,37557,59480,210501,31023,27115,150911
4055,2015-11-08,298359,215107,37892,60428,209224,30926,30261,150681
4056,2015-11-09,345507,245475,46258,68969,243221,34925,32362,177891
4057,2015-11-10,331067,248208,45861,68028,229713,35329,31334,178316
4058,2015-11-11,327965,248014,46034,68973,223372,34994,33075,174931
4059,2015-11-12,328401,255623,45838,67151,227341,35867,28488,178114
4060,2015-11-13,332785,255256,45933,68006,220596,35857,32315,179647
4061,2015-11-14,315773,232096,41092,64948,227711,33405,34237,163861
4062,2015-11-15,306506,212515,38140,61723,234681,31978,32942,152968
4063,2015-11-16,341050,244378,44844,67642,237623,34684,33633,172795
4064,2015-11-17,330496,252867,44365,66944,231692,34911,30417,176547
4065,2015-11-18,321822,250064,44684,67547,225013,34882,26548,174360
4066,2015-11-19,320755,254481,44214,65580,222550,34950,27908,172721
4067,2015-11-20,343576,262063,46250,69211,221839,35444,34538,179324
4068,2015-11-21,332733,254016,42448,66244,233094,33667,35178,167738
4069,2015-11-22,335667,249642,43284,69347,236273,34263,39494,168982
4070,2015-11-23,382040,272284,50616,76399,282609,38223,42727,193431
4071,2015-11-24,367767,269142,48422,72829,276121,37550,37831,185540
4072,2015-11-25,319385,259229,45806,52498,262884,36966,34863,178840
4073,2015-11-26,281244,214192,36029,57873,224763,31174,27111,143404
4074,2015-11-27,282122,228763,35980,57914,213873,31372,24464,144737
4075,2015-11-28,291905,233593,38709,60526,207938,31863,26594,154217
4076,2015-11-29,299793,233403,40820,64473,211082,33272,29673,159167
4077,2015-11-30,351012,264553,48223,71969,257463,37375,32693,184464
4078,2015-12-01,347980,264356,46948,69295,253955,36354,31084,183433
4079,2015-12-02,349914,274316,49584,73201,236963,35863,34638,185323
4080,2015-12-03,375037,278769,51715,76960,247020,37979,39603,192822
4081,2015-12-04,381704,268712,52334,78274,268966,37117,41011,191028
4082,2015-12-05,357945,247158,46640,72196,263665,35578,39674,177144
4083,2015-12-06,347477,235466,44009,69822,260727,34916,37847,170168
4084,2015-12-07,369478,272496,48440,71746,264829,38305,35779,189177
4085,2015-12-08,362899,270581,48324,69969,258572,38749,36487,192049
4086,2015-12-09,367399,261861,48099,70911,262398,37765,36027,188265
4087,2015-12-10,350524,262945,47811,71340,241899,36599,34130,184425
4088,2015-12-11,332748,257205,45502,68290,234318,36063,30354,177148
4089,2015-12-12,296894,233588,39453,62568,216267,32934,27943,159667
4090,2015-12-13,291674,225461,37384,60384,211677,31592,28423,152451
4091,2015-12-14,330555,256901,44998,67815,227153,35498,30237,175476
4092,2015-12-15,344850,267195,48606,70255,223391,36449,32607,185426
4093,2015-12-16,347057,269816,47926,71380,239096,36256,32014,182284
4094,2015-12-17,352696,279415,49459,71740,241009,36668,33330,184318
4095,2015-12-18,385269,283923,52319,78189,248442,39007,43826,193310
4096,2015-12-19,375807,267751,48144,74077,276014,38060,43143,183398
4097,2015-12-20,363481,246192,45979,72288,275182,36691,41701,178276
4098,2015-12-21,364702,264848,48657,72681,261785,38127,35919,188533
4099,2015-12-22,332656,265863,44901,67563,234640,36255,30756,177213
4100,2015-12-23,322458,258332,43281,66854,228655,35689,29467,174669
4101,2015-12-24,275185,233945,36758,58922,221807,31709,24606,148130
4102,2015-12-25,265873,215073,35429,56567,212740,30281,24748,142943
4103,2015-12-26,281480,230197,38143,60820,203277,31248,26029,151080
4104,2015-12-27,287974,232463,38006,60058,204911,31689,26520,153931
4105,2015-12-28,341487,275598,47041,72596,229283,37255,32362,184839
4106,2015-12-29,333342,269019,44713,68833,234508,36543,31960,178182
4107,2015-12-30,336883,270721,45926,71073,225869,36123,34781,178210
4108,2015-12-31,334225,262451,46036,72568,220527,36190,36351,173563
4109,2016-01-01,338054,251416,44363,68359,234580,34663,37081,166675
4110,2016-01-02,347618,250133,44809,69940,257590,35924,40265,171810
4111,2016-01-03,350918,253421,45476,71062,262599,36495,40458,173321
4112,2016-01-04,404792,281907,53136,78326,306428,40199,44314,201781
4113,2016-01-05,430763,287024,55956,83515,362252,42894,47534,210510
4114,2016-01-06,422637,283341,54480,82094,335822,42188,44496,204249
4115,2016-01-07,399274,274174,52032,78711,284707,40400,39299,197080
4116,2016-01-08,381012,269372,49483,73382,272516,39811,34460,195291
4117,2016-01-09,329209,252554,41350,64891,243162,34767,33647,165423
4118,2016-01-10,350176,265448,46028,73972,223704,35234,46165,171504
4119,2016-01-11,441759,313177,60303,90835,292532,42057,54841,213899
4120,2016-01-12,436782,314451,58409,86242,307278,42449,48220,216226
4121,2016-01-13,457069,322504,62201,93407,323798,44696,52238,224510
4122,2016-01-14,402024,287734,53634,80364,297442,40867,38878,204628
4123,2016-01-15,384119,275589,49834,74401,272709,38081,37423,189297
4124,2016-01-16,358621,260529,47918,74942,241783,36493,41662,179144
4125,2016-01-17,383508,283769,50361,79409,283949,37508,46053,184072
4126,2016-01-18,476334,321747,63499,96366,348320,44391,61535,224214
4127,2016-01-19,489079,320829,62186,95087,397268,45432,59400,225701
4128,2016-01-20,477187,307351,60590,93187,373678,45148,53694,222779
4129,2016-01-21,445291,298931,58799,88881,342896,44178,52449,215828
4130,2016-01-22,450922,295170,57711,89375,372255,44151,53425,211444
4131,2016-01-23,417598,264683,51529,81954,366972,40734,51508,194790
4132,2016-01-24,400107,253956,49372,79475,327213,39974,54226,187222
4133,2016-01-25,413511,277736,52576,80145,331855,40562,46252,199803
4134,2016-01-26,391779,285841,52040,76739,283031,38848,41247,197889
4135,2016-01-27,400155,285320,55046,82574,278212,40823,44004,202848
4136,2016-01-28,413295,280446,52643,79973,308622,40633,46970,200275
4137,2016-01-29,396888,276643,50827,76843,295292,40508,41068,200135
4138,2016-01-30,358283,245217,43385,68900,291061,36646,38084,177957
4139,2016-01-31,321232,230430,39001,62525,246428,32742,31289,159931
4140,2016-02-01,347956,263570,46423,68189,237166,34939,32231,182372
4141,2016-02-02,362116,278750,49510,72926,249075,37107,34552,193306
4142,2016-02-03,342200,276817,45704,68363,251102,35781,28517,181509
4143,2016-02-04,381431,281616,52790,78374,242766,37015,38850,194877
4144,2016-02-05,394107,278915,52180,79309,288393,37930,43807,193686
4145,2016-02-06,365297,252662,46224,72150,296153,35076,40989,171999
4146,2016-02-07,351949,236132,42906,68800,296819,34281,39599,165225
4147,2016-02-08,392102,277224,49731,75362,287875,37034,41572,187851
4148,2016-02-09,432286,298306,56357,85599,290559,38787,53209,200804
4149,2016-02-10,460725,304414,59864,90998,319619,41574,57614,210083
4150,2016-02-11,459531,302216,59917,89595,355148,43272,51552,217030
4151,2016-02-12,446831,299989,58526,88355,362553,43678,50362,216760
4152,2016-02-13,423031,287820,54862,85853,362467,42413,53053,207544
4153,2016-02-14,432296,278291,54397,87119,384812,41656,56991,198478
4154,2016-02-15,419735,291053,55962,84277,368959,41492,48184,209048
4155,2016-02-16,405300,285119,53726,80661,285806,40355,44984,201891
4156,2016-02-17,397178,279298,53080,81289,275334,40584,45009,199395
4157,2016-02-18,393974,282014,51905,78084,296492,40812,42004,202549
4158,2016-02-19,370700,257282,47980,71268,311875,38574,35896,190723
4159,2016-02-20,306591,226385,38712,61046,242953,32542,29305,158948
4160,2016-02-21,303605,224532,37960,59250,222769,32323,28674,159221
4161,2016-02-22,354255,258479,47802,70206,244964,35600,35257,187548
4162,2016-02-23,360303,262504,49073,71186,269449,35780,34287,190710
4163,2016-02-24,361697,276795,49950,70585,255114,35801,34233,193580
4164,2016-02-25,395262,275396,53566,79847,256819,37581,44605,199009
4165,2016-02-26,399744,272332,52694,78733,280889,39299,42064,199834
4166,2016-02-27,350182,242301,43724,68347,280432,35752,38206,175113
4167,2016-02-28,317609,219490,39368,62642,248260,33002,33150,158644
4168,2016-02-29,335196,255775,46337,67884,230786,34964,31758,180987
4169,2016-03-01,356570,282163,49792,72414,236342,35264,35805,188935
4170,2016-03-02,387670,282161,53233,77453,242864,38412,41042,202258
4171,2016-03-03,412232,278564,53814,79797,293192,38957,43991,201819
4172,2016-03-04,391027,270196,51821,77293,298743,38139,41078,195623
4173,2016-03-05,355228,248898,46278,72704,274019,34856,40731,179004
4174,2016-03-06,333035,227838,42150,66005,255303,34043,35826,170803
4175,2016-03-07,353712,247759,46552,68389,261511,34946,33787,181200
4176,2016-03-08,329457,245239,44542,65772,227764,33287,29736,173973
4177,2016-03-09,323396,243551,43439,64502,223590,33767,26267,170045
4178,2016-03-10,324040,244874,44386,66157,224081,33733,26430,173232
4179,2016-03-11,314439,246041,43816,65401,220818,32830,27555,176817
4180,2016-03-12,289759,225229,38928,60741,203326,31226,27059,161397
4181,2016-03-13,273465,208248,35594,56510,196155,29153,25084,147440
4182,2016-03-14,319802,244250,43743,65546,222713,33215,27768,173699
4183,2016-03-15,319245,244981,43856,65098,223342,33330,28089,172181
4184,2016-03-16,317071,244778,43335,65019,224321,33554,25950,172920
4185,2016-03-17,322190,244970,44231,64800,216282,33041,28134,172574
4186,2016-03-18,322243,245977,44056,65546,214466,33135,29550,173740
4187,2016-03-19,314133,227481,41037,64092,228254,32200,30874,166555
4188,2016-03-20,322086,218609,41198,64675,252042,32966,34218,164117
4189,2016-03-21,356309,247929,47646,70594,256740,35815,36452,186535
4190,2016-03-22,343546,247446,46325,69234,250996,35158,33975,181111
4191,2016-03-23,317424,252761,44051,66279,221894,33685,28705,170826
4192,2016-03-24,318033,260848,43009,65447,214149,33063,27754,169046
4193,2016-03-25,304232,240230,41096,63127,211766,32270,30917,162368
4194,2016-03-26,288818,218904,38152,53262,197358,31334,31740,155147
4195,2016-03-27,270226,205615,35021,56790,202423,29696,26368,141717
4196,2016-03-28,313381,238277,43688,63757,211974,32851,28960,170027
4197,2016-03-29,327032,244875,45302,66535,212404,34119,31080,177139
4198,2016-03-30,333517,244861,44876,65939,221596,34598,30157,175866
4199,2016-03-31,316533,242408,43670,63762,215755,33682,27349,172077
4200,2016-04-01,307295,241812,42036,60168,223347,32773,26499,166477
4201,2016-04-02,298948,235684,40662,59907,200903,30812,28906,161944
4202,2016-04-03,312730,220833,40717,62650,210893,32433,31915,164585
4203,2016-04-04,332659,254205,46219,65785,222911,34815,29299,184204
4204,2016-04-05,352429,260990,48521,69630,243736,36297,33176,189749
4205,2016-04-06,352060,257015,47538,69734,258580,35314,32435,184540
4206,2016-04-07,342289,257653,47874,70378,224760,33672,32426,180320
4207,2016-04-08,348112,258924,49325,70979,228510,34972,36192,184336
4208,2016-04-09,345202,241794,45150,69144,235695,34055,37152,173694
4209,2016-04-10,334659,231215,42401,65675,244245,34459,34912,173329
4210,2016-04-11,328000,244131,45767,67676,229891,34092,29946,181673
4211,2016-04-12,325129,249994,46510,67081,217310,33585,29559,181436
4212,2016-04-13,332733,249553,46129,68060,225272,34646,30854,181880
4213,2016-04-14,328580,245501,45039,66793,231272,33868,28691,175648
4214,2016-04-15,313509,240255,43084,64895,225956,32886,27391,168619
4215,2016-04-16,281169,215427,36476,59215,212397,30061,26527,146848
4216,2016-04-17,277566,206206,35760,58529,207191,30081,27138,142797
4217,2016-04-18,322290,244138,44386,67530,227982,33792,29098,168061
4218,2016-04-19,318719,237392,43971,67718,228268,33548,28864,167494
4219,2016-04-20,316969,240280,43453,68279,213788,32989,28598,167468
4220,2016-04-21,314156,243031,43389,68142,218720,33403,28392,170156
4221,2016-04-22,306104,233994,41813,64281,220302,33190,26793,166469
4222,2016-04-23,272807,212771,36406,57813,204248,29657,25819,149140
4223,2016-04-24,274349,204725,34981,57002,196377,29149,26911,144175
4224,2016-04-25,314740,250655,43594,67553,222697,33632,29099,169341
4225,2016-04-26,326968,241046,45764,71259,240416,34478,30565,167708
4226,2016-04-27,314339,245164,42566,65964,225906,32664,28841,168010
4227,2016-04-28,321828,245095,43339,67681,212867,32647,29537,170897
4228,2016-04-29,309637,240573,41834,64448,214344,32547,27782,169620
4229,2016-04-30,282113,224541,37568,58603,201911,30065,26353,151262
4230,2016-05-01,279519,211944,36774,60586,204453,30134,27898,143577
4231,2016-05-02,312125,236183,42787,65410,233993,32746,27969,167241
4232,2016-05-03,311515,239922,43006,62931,229780,31844,27592,168456
4233,2016-05-04,311782,239623,43689,63044,215233,32776,27394,167527
4234,2016-05-05,320114,240774,44541,64923,218056,32553,30338,166692
4235,2016-05-06,309989,244360,42646,63925,219122,32242,28806,163524
4236,2016-05-07,278536,215096,36201,58949,203288,29783,27142,145059
4237,2016-05-08,268106,197952,33921,55395,200920,28685,26225,137928
4238,2016-05-09,312952,234111,43003,64558,218475,31700,28357,164211
4239,2016-05-10,320043,242525,44242,66115,218251,32876,28924,168758
4240,2016-05-11,321067,242873,45312,69632,222457,33637,30842,166567
4241,2016-05-12,328967,246441,46266,71767,223122,34507,30673,173561
4242,2016-05-13,308578,237294,42170,65897,228464,33915,28370,165906
4243,2016-05-14,280212,216387,37366,58781,210899,29608,26509,148063
4244,2016-05-15,279234,203724,36680,56795,197345,29583,27404,147504
4245,2016-05-16,316807,236430,43723,64521,217118,32366,29466,168885
4246,2016-05-17,313974,236425,43092,64776,219478,31993,29249,168049
4247,2016-05-18,312128,237956,43404,65384,219152,32632,27417,166646
4248,2016-05-19,312948,240391,42954,64840,216777,33532,28095,166754
4249,2016-05-20,306095,236287,41913,64102,218633,33185,27804,165007
4250,2016-05-21,280069,215557,36319,58742,204229,30563,26707,147404
4251,2016-05-22,270643,211299,35485,58271,201812,29625,27209,140410
4252,2016-05-23,315617,253462,43905,67562,219164,33834,29239,168813
4253,2016-05-24,331085,281533,46416,70698,232630,35191,30637,177844
4254,2016-05-25,340311,313443,48231,73753,255418,37885,30987,186370
4255,2016-05-26,356753,310276,50590,77290,275390,41238,30779,201418
4256,2016-05-27,363789,309817,51341,79604,293315,44682,33524,207783
4257,2016-05-28,335459,275482,44720,76398,274862,44308,32889,190650
4258,2016-05-29,312272,257569,42507,73373,249860,38993,32709,172858
4259,2016-05-30,322392,269021,43820,76530,250662,38577,33910,171371
4260,2016-05-31,370428,291146,53547,85270,281931,43091,34677,196745
4261,2016-06-01,378111,288355,55281,86193,283520,46107,36535,202005
4262,2016-06-02,375054,291251,53205,80873,276668,45635,33257,211466
4263,2016-06-03,370893,292417,52754,82371,284315,44835,34468,203029
4264,2016-06-04,330462,255877,44308,74268,264198,39729,32814,167681
4265,2016-06-05,313644,241383,41866,70799,275869,37334,32084,162900
4266,2016-06-06,353034,286124,50591,80486,292464,39710,33907,187840
4267,2016-06-07,340383,255814,46506,74482,291688,37053,31719,175756
4268,2016-06-08,316872,252356,44853,70274,245885,33553,30045,168429
4269,2016-06-09,326194,251441,46509,73433,243293,34192,31466,170009
4270,2016-06-10,353525,317837,48409,75021,255831,37425,33424,186258
4271,2016-06-11,372964,347279,50927,81823,287143,43032,36150,207763
4272,2016-06-12,355876,256700,50240,86095,308605,39840,37413,171083
4273,2016-06-13,355908,288741,50582,81367,267652,36390,38073,176025
4274,2016-06-14,365639,327840,51901,85175,270799,37548,37787,183234
4275,2016-06-15,389928,368437,56375,88063,278847,42602,37957,204324
4276,2016-06-16,388607,314079,55157,87764,308306,42283,39256,206630
4277,2016-06-17,364242,301625,52993,82589,253309,41816,34253,200606
4278,2016-06-18,338753,290575,47137,77508,243222,41282,35382,183350
4279,2016-06-19,337069,307522,47978,78894,249695,40930,35184,187545
4280,2016-06-20,399111,384863,60949,94577,287273,46805,37739,227548
4281,2016-06-21,392826,333821,58358,93958,298388,48110,39389,219106
4282,2016-06-22,359391,305692,50523,77332,295893,42481,35946,199172
4283,2016-06-23,374393,303409,57093,89277,280106,41026,40748,196044
4284,2016-06-24,366697,309011,54653,88407,291247,43294,36793,194822
4285,2016-06-25,351397,328867,49308,82946,271814,43614,37172,187555
4286,2016-06-26,365553,338637,53501,90009,262444,46101,38644,203798
4287,2016-06-27,406553,361393,61918,99715,293304,50994,39110,238106
4288,2016-06-28,380789,286431,55933,91676,297816,47147,38621,202984
4289,2016-06-29,352009,276700,49003,77236,288501,38302,33943,182700
4290,2016-06-30,350655,284715,49651,78757,283754,39169,32805,188218
4291,2016-07-01,346853,274682,48948,78939,294982,38957,33735,181849
4292,2016-07-02,303255,230167,38326,66883,267667,33166,32932,151160
4293,2016-07-03,281859,225178,35273,60638,228021,31712,30558,145521
4294,2016-07-04,289152,239758,36318,62885,232731,34315,31372,151289
4295,2016-07-05,366755,323921,49660,83277,314568,43574,36104,202994
4296,2016-07-06,389885,350115,53085,88118,339827,47898,38191,219378
4297,2016-07-07,393465,340134,55325,88313,344422,47111,34672,229911
4298,2016-07-08,390616,345949,55363,86647,337063,47875,35304,232403
4299,2016-07-09,348572,290351,47278,80211,318155,43989,36415,193190
4300,2016-07-10,337873,273707,45275,76993,294968,39163,35122,182727
4301,2016-07-11,398667,370270,57103,89443,308876,44116,38542,219576
4302,2016-07-12,413841,390775,60652,91213,316898,48892,36356,242988
4303,2016-07-13,420785,361693,62375,98152,334407,52725,38662,251766
4304,2016-07-14,407200,350398,57451,91705,355234,51760,38923,230275
4305,2016-07-15,396117,298305,57809,90595,347654,48650,38122,225182
4306,2016-07-16,347435,262116,47480,81069,306526,43779,36154,182686
4307,2016-07-17,353903,272047,48032,82778,305248,43511,37941,185002
4308,2016-07-18,412719,349227,59128,89758,343090,49152,38341,231141
4309,2016-07-19,415448,359698,60529,94040,325890,48031,41105,223504
4310,2016-07-20,409435,371712,60539,96123,310709,44810,41296,215293
4311,2016-07-21,414515,398100,62594,98988,314335,47181,41812,230731
4312,2016-07-22,415553,382735,58519,96640,335599,49382,40622,244593
4313,2016-07-23,410572,380519,57564,94682,349491,49504,40632,237766
4314,2016-07-24,407426,347369,58756,98950,357860,47308,42215,207606
4315,2016-07-25,445637,371098,67895,108083,383220,52935,43003,245471
4316,2016-07-26,428597,366897,62448,97796,375179,52059,41792,233229
4317,2016-07-27,422415,374207,63484,98745,357968,50934,41863,231797
4318,2016-07-28,408121,353583,60916,94403,359564,46156,36734,226472
4319,2016-07-29,396021,326504,58397,93662,335803,46261,37214,222028
4320,2016-07-30,367857,288275,51069,86048,303086,41691,36714,195567
4321,2016-07-31,366856,282808,50704,86226,301644,43282,36656,194164
4322,2016-08-01,410356,337718,59488,91221,331008,49387,37472,228261
4323,2016-08-02,414733,357312,61856,93716,320971,49067,38656,232595
4324,2016-08-03,418489,379338,62946,97451,302505,49419,38513,234774
4325,2016-08-04,422184,391145,63906,99564,297606,48944,39334,241070
4326,2016-08-05,423078,365550,64844,100145,295149,49973,39310,245414
4327,2016-08-06,385988,308356,54973,90988,315071,46553,37545,211256
4328,2016-08-07,356181,282167,49558,82268,299036,41021,37716,188257
4329,2016-08-08,390745,342071,57871,90007,282009,45118,38770,218509
4330,2016-08-09,416957,358674,61949,94522,286860,48254,41617,234369
4331,2016-08-10,431561,384126,61475,96179,339107,53136,40734,244371
4332,2016-08-11,451348,402122,65680,103441,357528,54931,42276,248054
4333,2016-08-12,453654,369315,66198,103968,368119,54276,43123,251666
4334,2016-08-13,415169,334341,56989,93742,370293,51192,40949,225542
4335,2016-08-14,374473,309860,47710,83701,367364,45423,39629,194837
4336,2016-08-15,399877,323893,55079,89056,358199,46084,41045,215420
4337,2016-08-16,409158,352548,56508,87994,357055,49709,39516,226749
4338,2016-08-17,399285,361822,57201,87110,365220,45574,36279,222365
4339,2016-08-18,403068,366331,58310,91027,340297,47387,36194,225149
4340,2016-08-19,402047,345707,57902,93057,320916,47183,36466,227188
4341,2016-08-20,368283,302956,50071,82339,308736,46447,34409,213573
4342,2016-08-21,339465,240403,44830,75758,309998,42230,33913,188203
4343,2016-08-22,357764,281352,49981,77838,294832,40251,33638,196042
4344,2016-08-23,365061,306867,51631,81069,280985,41436,34115,200129
4345,2016-08-24,376490,335698,54612,86232,285792,44523,36311,213673
4346,2016-08-25,429018,342308,63390,100662,311951,51671,41547,244827
4347,2016-08-26,431482,315057,63088,100635,346625,51540,42078,234152
4348,2016-08-27,397055,301747,54167,87739,330157,47113,40843,211614
4349,2016-08-28,388932,307568,53228,88398,305909,49068,36937,214128
4350,2016-08-29,420985,345456,61110,95070,321468,48343,37073,231761
4351,2016-08-30,413518,347229,61009,96447,322609,45795,38004,220356
4352,2016-08-31,406980,319842,59251,93302,324096,43092,36867,217967
4353,2016-09-01,370700,279432,51934,82428,303770,41487,33430,193127
4354,2016-09-02,340165,273623,47155,75263,266055,38080,29531,180299
4355,2016-09-03,305640,249198,40684,69206,237059,34727,30531,157373
4356,2016-09-04,306428,243586,40967,68884,236295,35088,32270,155458
4357,2016-09-05,331832,291514,45957,77218,247455,38250,35254,173454
4358,2016-09-06,404384,391648,60198,94491,291951,45171,37968,227497
4359,2016-09-07,431090,397950,64119,99292,309002,50967,37666,249863
4360,2016-09-08,431329,351168,63335,98842,332347,52176,39428,244790
4361,2016-09-09,409511,317402,59388,93586,339676,48022,38299,228855
4362,2016-09-10,378551,263003,51832,87076,324885,47469,37001,209955
4363,2016-09-11,322234,232308,40633,68585,296127,38038,31764,163938
4364,2016-09-12,351463,276020,48279,76409,280582,39108,32707,185241
4365,2016-09-13,367593,305692,50676,78950,292086,41883,34435,193457
4366,2016-09-14,364287,292435,51808,82006,308119,41200,34781,188259
4367,2016-09-15,349713,284060,49500,80636,270677,37853,34139,182734
4368,2016-09-16,358850,301185,51549,82940,258949,39015,36296,188596
4369,2016-09-17,344431,284778,46364,76755,260728,38656,33057,181867
4370,2016-09-18,329967,254375,46009,78035,283229,38065,33111,176748
4371,2016-09-19,372759,303155,53354,84702,282981,41679,34984,204871
4372,2016-09-20,375647,316166,53597,83986,265610,42373,34709,206841
4373,2016-09-21,372387,291535,54962,85240,266094,43256,33025,206683
4374,2016-09-22,378656,296560,55666,87306,273200,43889,33182,211711
4375,2016-09-23,383382,294132,57056,89646,276545,44712,35505,212814
4376,2016-09-24,338878,259188,47219,80598,256110,37552,35598,168947
4377,2016-09-25,317374,265209,44265,76174,225011,32560,35627,150749
4378,2016-09-26,334557,259170,47217,73908,231894,35965,30733,173916
4379,2016-09-27,324120,244591,44530,67677,244258,34846,27717,171328
4380,2016-09-28,319659,240394,44033,65896,246624,34854,27820,171969
4381,2016-09-29,318712,247113,43826,64940,248102,35456,25381,172671
4382,2016-09-30,313591,246887,43071,64728,242088,34205,24368,170062
4383,2016-10-01,282452,222568,36756,59357,234968,31867,25357,150926
4384,2016-10-02,270336,209148,36478,59226,228827,30786,26064,144214
4385,2016-10-03,310866,244549,44377,66116,241386,34134,28169,168039
4386,2016-10-04,321058,254899,46248,68511,234021,34745,29639,174603
4387,2016-10-05,326218,267136,48586,73047,227054,34985,28537,176985
4388,2016-10-06,331856,265321,50193,76367,226430,34840,28092,183636
4389,2016-10-07,325892,252896,48177,73549,235479,34963,29581,179807
4390,2016-10-08,283893,211107,37761,61242,222644,31683,26219,151776
4391,2016-10-09,271418,201805,35658,56501,189908,29444,25719,142340
4392,2016-10-10,311872,235784,43331,64517,208202,32412,27642,165263
4393,2016-10-11,315566,247242,43755,64811,219859,33132,28042,170314
4394,2016-10-12,317391,247278,44919,67449,222577,33748,26265,172682
4395,2016-10-13,310616,236848,43722,65975,222876,33367,24893,170094
4396,2016-10-14,305250,238707,42709,63546,214308,33176,26396,168240
4397,2016-10-15,281916,223974,38312,60602,202504,31180,26353,151223
4398,2016-10-16,278563,221458,38410,62968,207147,31101,27658,147903
4399,2016-10-17,331368,274232,48960,74261,236135,36057,29914,182444
4400,2016-10-18,336925,280790,50354,76492,249100,37322,31415,188302
4401,2016-10-19,338136,250181,49212,75861,264426,38685,30690,181537
4402,2016-10-20,326810,244937,45375,69225,265808,37349,27029,174751
4403,2016-10-21,310779,241526,43458,62978,239738,34627,26865,171443
4404,2016-10-22,287976,219096,38280,58308,200833,32100,27541,156035
4405,2016-10-23,283301,211299,36977,58060,206285,31371,28193,147046
4406,2016-10-24,307551,236517,42856,63934,216815,33891,27898,168913
4407,2016-10-25,321346,246665,44790,65067,219231,34024,29279,175515
4408,2016-10-26,324548,257208,45067,65634,225660,35020,29458,178427
4409,2016-10-27,320289,250715,44498,64807,226161,34506,26019,179108
4410,2016-10-28,313778,250442,43461,64290,215528,33532,27791,171846
4411,2016-10-29,291222,231438,38267,60171,210528,31316,27138,152443
4412,2016-10-30,277001,211901,36419,59745,209938,30903,27021,146333
4413,2016-10-31,310822,240430,42991,63583,214605,32928,27524,170319
4414,2016-11-01,319728,251881,45152,67524,224009,34437,29004,175233
4415,2016-11-02,319618,256094,45597,68997,224637,34554,27988,174850
4416,2016-11-03,314754,242174,44682,68282,228292,33693,28031,173544
4417,2016-11-04,307366,238708,42577,64052,214664,32252,27143,169359
4418,2016-11-05,294282,217669,38635,60379,211730,30573,28123,156048
4419,2016-11-06,300132,215397,38242,61535,222033,31153,29382,153721
4420,2016-11-07,322081,237596,43671,64470,230290,33456,29267,168879
4421,2016-11-08,324311,242087,44451,65304,240038,33781,29242,169937
4422,2016-11-09,326620,244489,45176,66792,231186,34159,29282,171202
4423,2016-11-10,339826,246526,45757,68323,235334,34211,32916,172686
4424,2016-11-11,328356,242019,44185,65395,229299,33356,31600,169991
4425,2016-11-12,317050,224421,41407,63603,233146,32258,32510,160248
4426,2016-11-13,318950,214760,40297,63856,249368,32142,34537,155983
4427,2016-11-14,351377,242668,47022,70047,260810,35203,35213,178399
4428,2016-11-15,346245,244779,46640,69516,238517,34551,34121,177843
4429,2016-11-16,336223,245843,45704,67953,245019,34508,31768,178034
4430,2016-11-17,334426,247067,45652,67995,238718,34990,30905,177709
4431,2016-11-18,322851,246009,43526,65111,238334,34341,28435,171836
4432,2016-11-19,321217,237381,42060,65003,221117,32489,32122,163652
4433,2016-11-20,346068,233849,44544,68823,253674,35181,38419,174276
4434,2016-11-21,377543,265070,50339,73478,283949,38324,41852,196079
4435,2016-11-22,381512,268762,51298,75887,287969,37939,40526,196423
4436,2016-11-23,367333,261096,49036,72236,278876,37295,35742,188932
4437,2016-11-24,291570,220207,37919,59647,230047,32505,27462,151873
4438,2016-11-25,296893,228586,40361,63043,217514,32959,31286,155055
4439,2016-11-26,314512,227121,40758,64776,226572,33584,35767,158077
4440,2016-11-27,324583,229410,41686,66490,253043,33316,38989,156377
4441,2016-11-28,356965,263138,47990,71059,275902,36752,34572,183756
4442,2016-11-29,331295,256866,45740,67483,240793,35104,30510,178178
4443,2016-11-30,329918,264914,45567,67314,230228,35651,28606,176298
4444,2016-12-01,357346,269978,50216,72771,227166,36863,36183,188397
4445,2016-12-02,370998,267402,50231,74645,254100,37612,40527,189423
4446,2016-12-03,346435,250049,45325,69709,255679,35568,38569,175387
4447,2016-12-04,342712,246644,44561,68706,265718,34807,37145,168379
4448,2016-12-05,362605,276076,50369,72475,260162,36945,36340,193626
4449,2016-12-06,376860,278687,52129,74712,270863,38008,35930,201645
4450,2016-12-07,374652,289581,53008,76004,258767,37359,37117,197805
4451,2016-12-08,403611,302520,57006,81990,277891,39289,43901,210756
4452,2016-12-09,426502,296343,57800,85527,308251,41367,49801,211606
4453,2016-12-10,404482,277949,51567,79553,312872,39001,49546,193228
4454,2016-12-11,379886,266105,48844,74323,302784,38491,42388,186705
4455,2016-12-12,380072,292578,53450,76518,267242,39267,37404,203833
4456,2016-12-13,395825,305273,55603,81370,271574,40275,42222,212117
4457,2016-12-14,411744,320409,59377,87179,273670,41132,43489,216877
4458,2016-12-15,461919,329969,64324,95929,328550,44914,55541,229580
4459,2016-12-16,469464,319971,61964,92689,382809,45540,54308,228467
4460,2016-12-17,378912,288003,49544,73783,304503,39197,35299,195485
4461,2016-12-18,358696,290373,50648,78870,237222,37378,43238,190287
4462,2016-12-19,427475,329663,60251,91020,306795,42376,52188,219951
4463,2016-12-20,433923,315444,59267,88857,322653,42055,52592,216170
4464,2016-12-21,410645,300119,55523,82895,311725,40677,46317,209549
4465,2016-12-22,381689,282591,53464,79480,273404,39304,41155,199435
4466,2016-12-23,372437,272938,50959,77946,282299,37835,42442,186338
4467,2016-12-24,318380,242704,42472,66302,254854,34785,32972,163877
4468,2016-12-25,292305,236164,40114,62962,241027,33267,28498,158876
4469,2016-12-26,293817,234725,38257,61354,247934,33837,27166,157894
4470,2016-12-27,323425,272911,43749,68044,231381,34918,31342,179125
4471,2016-12-28,357566,273170,46847,74204,248141,37020,39683,184423
4472,2016-12-29,356271,274616,46481,72270,269715,37856,37088,185791
4473,2016-12-30,374018,267911,47013,74126,289596,38685,41073,186930
4474,2016-12-31,359505,246891,44430,71399,290640,36891,41928,173117
4475,2017-01-01,313746,236507,41142,65864,243615,33949,34607,160680
4476,2017-01-02,323486,245625,42369,65318,256777,34468,31756,169000
4477,2017-01-03,346960,268119,45952,67741,265569,36234,30851,185898
4478,2017-01-04,375407,300626,53334,78930,253691,38424,41190,204789
4479,2017-01-05,434529,315678,59240,87979,305260,42180,49129,218261
4480,2017-01-06,448984,321686,62039,94935,315299,42778,56735,221755
4481,2017-01-07,449971,300906,58411,92674,373201,42192,60595,210393
4482,2017-01-08,454685,288420,55803,87575,408625,42840,59273,203661
4483,2017-01-09,470170,302008,59556,89193,418578,44542,52178,219316
4484,2017-01-10,418391,289889,54238,79947,373347,40825,41494,209260
4485,2017-01-11,373521,287508,50749,74885,285088,36929,34304,192847
4486,2017-01-12,345408,294875,46980,69198,241218,35955,29813,190643
4487,2017-01-13,362732,297511,51742,76973,234657,37466,37649,201751
4488,2017-01-14,353356,264961,47833,74372,272554,36914,36674,185615
4489,2017-01-15,339578,252086,45919,71856,262242,36312,36522,177387
4490,2017-01-16,366121,274344,49735,73179,278905,39091,34765,197917
4491,2017-01-17,350650,273920,46965,68719,265771,36657,30778,189800
4492,2017-01-18,354859,276297,50366,73959,241594,36363,34505,194048
4493,2017-01-19,365190,274404,49827,73090,262431,37088,36538,192644
4494,2017-01-20,347073,268275,46816,68747,268200,36696,31018,188506
4495,2017-01-21,309393,232306,40007,62549,240914,32704,30213,161923
4496,2017-01-22,295093,225856,38409,60311,237972,31331,30320,152744
4497,2017-01-23,346275,262006,47077,69726,261587,35573,33594,182837
4498,2017-01-24,363668,268536,49535,73308,276210,37876,37478,193374
4499,2017-01-25,356699,273254,49706,73033,254840,36789,36834,190564
4500,2017-01-26,371210,277805,52453,76811,243734,37582,40268,195651
4501,2017-01-27,401521,285444,53467,80806,280549,39174,44936,198244
4502,2017-01-28,374646,266836,49470,76384,281663,37245,41569,188323
4503,2017-01-29,362073,254501,47693,74927,275354,36238,42622,177600
4504,2017-01-30,412152,287508,54883,82114,307367,39661,44948,202545
4505,2017-01-31,393704,278814,52918,76974,300684,39747,37843,205136
4506,2017-02-01,370693,275244,51509,75335,268829,38702,35041,195042
4507,2017-02-02,386991,291252,53728,78695,264077,38894,39642,203854
4508,2017-02-03,413014,290496,55910,82897,302969,40706,45311,211004
4509,2017-02-04,400462,271067,51221,79706,310652,38615,47686,190536
4510,2017-02-05,347857,241795,43942,67851,280056,35933,35843,172668
4511,2017-02-06,363434,262619,49083,71573,263630,36548,36801,188442
4512,2017-02-07,337230,261132,45942,67156,234991,35352,30787,184836
4513,2017-02-08,343832,277680,49848,71099,221870,36104,32854,191312
4514,2017-02-09,405701,291709,56272,83501,268087,39989,45535,207697
4515,2017-02-10,419127,283099,55704,82059,326124,41091,44452,209289
4516,2017-02-11,328529,240820,41569,63648,253385,34814,30571,173413
4517,2017-02-12,297811,229248,39424,59619,220468,33371,27309,164724
4518,2017-02-13,364047,261647,49699,71686,254420,38382,36972,192319
4519,2017-02-14,372826,260310,49159,70890,286003,37115,37655,191363
4520,2017-02-15,375118,266943,51380,72231,271023,37573,35872,198410
4521,2017-02-16,392742,266608,52287,77176,298615,39746,40386,203478
4522,2017-02-17,355436,252300,47220,69421,287789,37766,33558,190023
4523,2017-02-18,307777,218771,39185,61506,238024,32706,32587,158837
4524,2017-02-19,292549,207059,37731,59219,206324,30832,29854,148195
4525,2017-02-20,335623,235922,44993,66352,222846,34251,31908,174149
4526,2017-02-21,329349,240329,44633,65773,240357,34075,28983,178256
4527,2017-02-22,325986,241925,44497,65610,239522,34011,28455,174244
4528,2017-02-23,322496,244681,44022,65103,226040,34030,28139,171635
4529,2017-02-24,314679,256189,42684,64386,221594,33732,27989,169041
4530,2017-02-25,307855,250214,41434,64792,206815,31720,32415,162379
4531,2017-02-26,331959,234901,42512,67613,228165,33951,38931,165667
4532,2017-02-27,360988,249894,47756,71273,261456,36709,35548,184256
4533,2017-02-28,351229,249731,47371,71033,234596,34890,33323,181932
4534,2017-03-01,323502,257190,45756,65992,225409,33805,27908,177654
4535,2017-03-02,363024,268319,50667,72717,229789,37178,37384,193882
4536,2017-03-03,383378,270005,51392,74361,273329,38827,39217,199531
4537,2017-03-04,365088,244574,46650,71239,278354,36789,38324,180228
4538,2017-03-05,334128,228054,41651,64703,283303,35217,33219,171749
4539,2017-03-06,347941,246428,45329,66935,274959,35439,30785,181537
4540,2017-03-07,336318,244447,45468,66314,232501,34652,30140,180705
4541,2017-03-08,337121,250738,46409,68067,221491,34369,33009,179373
4542,2017-03-09,338102,256713,45445,66833,227908,34758,32242,179653
4543,2017-03-10,356503,265049,47860,69458,244239,37132,32699,191739
4544,2017-03-11,364775,251804,46886,71323,274223,37659,39861,186452
4545,2017-03-12,338297,228408,43546,67168,266675,35991,37633,171503
4546,2017-03-13,390773,273887,53131,76562,300760,39452,40243,204415
4547,2017-03-14,411768,281640,56544,82323,305525,39750,44792,212022
4548,2017-03-15,441180,282384,57824,84204,344628,42409,48699,212350
4549,2017-03-16,410804,272323,53745,79374,314795,40297,44702,201984
4550,2017-03-17,404742,264572,52578,77610,289377,39135,41280,198637
4551,2017-03-18,337890,239660,44741,68694,242300,35400,32311,177589
4552,2017-03-19,326664,223239,42192,66063,249530,34202,34318,169667
4553,2017-03-20,365447,247161,49159,72603,259305,35267,36071,187230
4554,2017-03-21,337603,251656,46155,67163,233183,34096,29919,180466
4555,2017-03-22,352558,263007,50007,72502,237395,36478,32798,193348
4556,2017-03-23,368283,262527,50029,73015,272965,37235,35570,194263
4557,2017-03-24,327640,244664,44046,65671,257200,35006,29118,175806
4558,2017-03-25,282371,227695,37012,59143,206211,31317,25879,151944
4559,2017-03-26,278566,210633,35654,57403,201906,29840,26331,149474
4560,2017-03-27,315108,237807,42424,64464,220504,32654,28034,169792
4561,2017-03-28,319747,247261,43114,65288,218779,33135,28477,175838
4562,2017-03-29,321696,252114,43988,65034,213529,33185,28665,176150
4563,2017-03-30,326227,260278,43533,65308,223226,33447,28683,179249
4564,2017-03-31,320400,256889,42250,63908,227976,33559,28356,176099
4565,2017-04-01,301661,225274,39400,62317,202725,32197,31249,164075
4566,2017-04-02,288970,211217,37772,60539,208123,30720,28948,153869
4567,2017-04-03,321152,242117,43580,64741,223861,32720,27901,170798
4568,2017-04-04,318406,245826,43515,64363,225691,32980,27026,171778
4569,2017-04-05,321238,257250,44560,65143,222663,33025,26724,171094
4570,2017-04-06,332395,256489,46864,67204,217489,33456,31420,179503
4571,2017-04-07,353238,246731,47142,69101,233375,36184,33347,187076
4572,2017-04-08,309547,219161,39222,61338,224740,32547,31426,161406
4573,2017-04-09,285841,204545,36234,57646,210436,30140,28506,148222
4574,2017-04-10,315282,237996,43010,65040,219646,33413,27977,167785
4575,2017-04-11,316301,237809,42821,64046,233206,33510,27968,167369
4576,2017-04-12,311224,238674,42758,63331,234205,32770,28349,166983
4577,2017-04-13,312043,238820,42066,63800,216725,32630,28911,169622
4578,2017-04-14,292669,223047,37879,61366,212195,31958,28248,153794
4579,2017-04-15,278843,214584,35984,60555,205708,30606,28291,142985
4580,2017-04-16,273607,201276,35445,60147,231550,30031,27722,136447
4581,2017-04-17,310937,228347,42070,64362,234999,32503,28380,158368
4582,2017-04-18,314165,240520,43592,64274,219649,32855,28082,167850
4583,2017-04-19,318416,240477,45860,69944,216843,33774,28103,173130
4584,2017-04-20,330834,240548,46583,72794,236647,35680,30565,173643
4585,2017-04-21,313618,231425,41655,63622,255181,34424,28513,164482
4586,2017-04-22,284761,211050,36747,57487,217781,29742,27368,150524
4587,2017-04-23,279849,201347,35899,57015,203682,29592,29896,145409
4588,2017-04-24,315361,234313,42802,64623,224537,31789,28833,165137
4589,2017-04-25,317878,242169,44306,66982,225641,32237,28795,165052
4590,2017-04-26,327966,249191,46706,71806,225550,34326,30302,172056
4591,2017-04-27,320067,238132,44896,67980,243551,35779,29217,172904
4592,2017-04-28,312725,233598,41400,63586,267147,33850,29014,163555
4593,2017-04-29,299276,222415,37590,63164,280522,32097,31861,149503
4594,2017-04-30,301326,216549,37473,65806,280516,33792,31870,148735
4595,2017-05-01,319152,238976,43369,66647,277547,36825,29333,171011
4596,2017-05-02,303699,247208,42967,62135,249795,31893,27791,168872
4597,2017-05-03,303434,241284,43688,62964,223457,31556,26755,170330
4598,2017-05-04,310316,240091,44754,64571,217507,31954,27929,172790
4599,2017-05-05,311426,237226,44884,65246,229457,32292,28901,172024
4600,2017-05-06,285119,210659,38481,59082,202814,29616,30060,157466
4601,2017-05-07,277479,198916,36630,57142,201078,28890,29378,146036
4602,2017-05-08,319093,234024,43864,64894,216245,31853,29274,168551
4603,2017-05-09,321703,240508,43861,64282,220230,32783,28954,170965
4604,2017-05-10,321062,238702,44478,68246,223706,33129,31803,166583
4605,2017-05-11,321147,237510,43558,68476,220364,32749,31178,166827
4606,2017-05-12,307128,234548,41223,62475,223740,32373,27811,163898
4607,2017-05-13,281278,216802,36797,58407,209524,30141,27125,146925
4608,2017-05-14,275728,203090,36485,60140,210978,29186,28526,139802
4609,2017-05-15,320359,245028,44772,71403,227718,33039,32044,166172
4610,2017-05-16,343501,288865,49731,77954,237452,35525,33921,178809
4611,2017-05-17,366210,307163,52177,81692,286993,41627,35021,196914
4612,2017-05-18,373616,290301,53840,82209,303761,42884,35832,207840
4613,2017-05-19,349806,237778,50463,80589,306459,43049,33962,176429
4614,2017-05-20,310297,217426,39222,67677,250186,34197,34340,150519
4615,2017-05-21,290532,203686,39506,66347,211200,33604,30415,150275
4616,2017-05-22,317686,236453,43323,66650,236955,35439,29554,169190
4617,2017-05-23,318452,240721,44955,68794,229177,34125,29085,173070
4618,2017-05-24,316618,238804,45080,68257,224737,34621,26480,170349
4619,2017-05-25,315618,239982,44293,66421,231951,34206,28268,169398
4620,2017-05-26,313804,237386,43608,68977,234859,33433,29931,163324
4621,2017-05-27,296762,217252,40440,72232,233984,30884,31669,145211
4622,2017-05-28,289032,211101,39145,66189,223814,32468,28940,145238
4623,2017-05-29,298335,213054,38477,66869,253824,34099,30918,148386
4624,2017-05-30,336130,241020,46533,73952,258027,37917,32959,173285
4625,2017-05-31,332559,247915,46703,72771,266294,36595,32241,174241
4626,2017-06-01,333187,255265,46817,72291,268533,35100,32386,173110
4627,2017-06-02,334701,269900,47300,73668,263312,35202,33187,172398
4628,2017-06-03,316653,265279,43849,72660,248730,34205,32478,159348
4629,2017-06-04,322109,288796,44923,74476,264544,33071,32569,161103
4630,2017-06-05,350677,280199,52760,82494,267247,36776,33242,179361
4631,2017-06-06,329621,255078,46681,73175,261166,33792,31567,164942
4632,2017-06-07,313472,257984,43583,65912,232555,33245,28653,165455
4633,2017-06-08,323411,270885,44813,67826,226083,33749,26883,169002
4634,2017-06-09,331719,298325,46303,73009,243441,35198,28681,171003
4635,2017-06-10,331600,294171,45433,74280,263878,36647,31595,175537
4636,2017-06-11,346270,318735,47433,78211,297332,40310,34300,187059
4637,2017-06-12,404897,385120,59557,92163,326823,47129,38499,229334
4638,2017-06-13,403566,362363,59272,88766,336903,48320,39187,239732
4639,2017-06-14,393390,343603,52828,80976,330109,46562,37062,226039
4640,2017-06-15,396435,343530,54459,85819,303382,46723,36230,222184
4641,2017-06-16,392548,332894,58329,91258,293833,44073,36622,229190
4642,2017-06-17,374074,319180,53369,87074,283587,43186,37074,216074
4643,2017-06-18,363425,277652,48772,83631,308627,45104,36117,202777
4644,2017-06-19,365554,282118,51516,84001,327064,42339,35787,200426
4645,2017-06-20,353230,269530,50784,81718,295695,38994,35871,188037
4646,2017-06-21,369285,276092,55917,87402,302480,41263,35404,190819
4647,2017-06-22,392204,341781,59299,89037,318684,45869,33223,209163
4648,2017-06-23,373786,323238,51564,81004,324683,43096,34641,203896
4649,2017-06-24,331467,250468,42755,71576,319191,38953,32922,175132
4650,2017-06-25,301469,215468,38344,65313,284462,35087,30709,155635
4651,2017-06-26,324014,243344,44918,70338,275734,35760,31331,172966
4652,2017-06-27,326931,254155,45153,69139,268092,34371,31763,170667
4653,2017-06-28,334595,260494,47201,73290,259005,35764,31913,178101
4654,2017-06-29,376990,299902,54351,85715,282925,41622,36210,205665
4655,2017-06-30,388870,308340,55304,88878,311933,45600,37671,211633
4656,2017-07-01,354699,286181,46305,78931,313730,43342,36222,185167
4657,2017-07-02,346142,271991,45605,78062,311332,42196,35539,181764
4658,2017-07-03,360846,289179,49344,83215,321821,42871,34855,192388
4659,2017-07-04,342395,269971,47223,80904,300347,42602,32383,175172
4660,2017-07-05,375381,322031,50746,85860,301622,46863,34524,199599
4661,2017-07-06,377448,363077,49605,82674,308352,45777,33119,208029
4662,2017-07-07,369223,358451,48675,83866,322640,43633,36917,201665
4663,2017-07-08,330853,273863,43542,74997,310411,37931,34552,178784
4664,2017-07-09,322366,272259,41840,72272,287746,35978,34469,165786
4665,2017-07-10,366140,327653,53655,87138,317430,38633,38209,185036
4666,2017-07-11,390406,339098,54182,83860,331750,42518,38567,212291
4667,2017-07-12,409691,326053,58753,92547,356823,46403,40266,222583
4668,2017-07-13,408683,338251,59129,93764,372850,45811,42532,221976
4669,2017-07-14,402333,288880,57916,92497,361894,46886,40401,225225
4670,2017-07-15,355794,269255,46881,78864,321870,41303,37186,184803
4671,2017-07-16,348308,254133,47382,78868,307346,40319,36155,183303
4672,2017-07-17,396291,282130,57004,91447,325814,47462,38317,209571
4673,2017-07-18,415077,321811,61350,96984,333140,49141,40075,216715
4674,2017-07-19,427281,365692,62326,98345,341776,52627,40832,238280
4675,2017-07-20,430463,348961,61024,96821,361248,52590,41990,241247
4676,2017-07-21,423681,358404,58797,95931,363800,51596,42938,241734
4677,2017-07-22,392836,324241,53216,93746,342544,44942,43536,205482
4678,2017-07-23,369685,318582,49802,83374,327465,43149,39092,199979
4679,2017-07-24,392240,297830,55267,90805,334758,43449,40079,196605
4680,2017-07-25,372036,302301,51280,83014,312620,38872,39011,187866
4681,2017-07-26,378975,329416,53000,85295,292206,41915,37873,196733
4682,2017-07-27,383108,347384,53720,89466,308598,44978,39555,214793
4683,2017-07-28,374735,310874,54228,87250,295989,44591,35741,202783
4684,2017-07-29,322949,267861,42683,72547,247948,35402,32481,167763
4685,2017-07-30,327174,267554,43957,73457,241869,37524,32260,176992
4686,2017-07-31,382389,319443,55049,86316,276587,43863,36674,211445
